Lon,Lat,True_PWV,Predicted_PWV,Error
111.49,24.74,43.2375,42.20071412852843,1.0367858714715652
111.93,24.8,44.4996,39.91424816957771,4.58535183042229
111.54,24.81,45.2923,41.34720471204854,3.9450952879514603
111.7,24.87,39.5659,39.2769506242277,0.2889493757722974
111.82,24.87,37.134,39.49355389453511,-2.359553894535111
111.51,24.88,40.8873,42.05688587682223,-1.1695858768222251
112.02,24.92,44.4158,40.245622094635635,4.170177905364362
111.53,24.93,42.8821,41.545883369467305,1.3362166305326966
111.81,24.95,35.25,38.89611601473419,-3.64611601473419
112.93,24.95,30.7909,44.240168055659446,-13.449268055659445
111.73,24.98,15.4993,40.96691160225898,-25.467611602258984
111.07,25.0,38.5322,44.68257443625581,-6.1503744362558095
111.68,25.03,36.7021,39.57947408423815,-2.8773740842381486
111.53,25.04,45.4621,41.73266010451215,3.7294398954878503
111.58,25.05,48.1572,40.78428042725384,7.372919572746163
111.13,25.06,52.3479,42.74204982727082,9.605850172729184
111.18,25.1,46.6178,43.914595978928,2.703204021072004
112.81,25.1,49.3117,41.99580667135161,7.315893328648393
111.04,25.12,43.5122,43.8997724037327,-0.3875724037326975
111.47,25.12,34.9056,43.746950091721516,-8.841350091721516
111.37,25.13,43.2375,43.39401465512729,-0.156514655127296
112.74,25.14,51.8915,41.30144475594757,10.59005524405243
111.34,25.17,41.1775,44.10366432282555,-2.9261643228255494
111.66,25.17,37.8204,42.172103436235545,-4.351703436235546
112.63,25.17,27.0608,43.36873937507899,-16.307939375078988
111.57,25.18,52.8903,41.74856831130224,11.14173168869776
111.9,25.18,37.84,41.612008957241535,-3.772008957241532
112.85,25.19,48.6902,42.590387424279,6.099812575720996
111.18,25.2,39.9923,44.92877456444444,-4.936474564444438
111.9,25.23,28.8064,43.91586945366892,-15.109469453668918
112.95,25.24,40.6619,43.767710804148,-3.1058108041479997
112.26,25.25,46.2765,43.080650445140265,3.195849554859734
112.55,25.27,51.8,38.58704748520487,13.212952514795127
111.31,25.28,50.6321,43.871945454529154,6.760154545470847
111.51,25.29,45.4101,44.02440398725137,1.3856960127486317
111.62,25.29,39.3987,43.99609603994075,-4.5973960399407545
111.81,25.29,43.8209,43.04529190711399,0.7756080928860101
112.46,25.33,4.9191,44.205027103661166,-39.285927103661166
112.31,25.34,56.7269,41.62693596462894,15.099964035371059
111.45,25.35,46.9608,44.51193966255312,2.448860337446881
111.95,25.35,59.6171,43.61080908437561,16.00629091562439
113.52,25.38,54.4439,39.24189899078409,15.202001009215913
111.31,25.39,45.3784,44.83524054858717,0.5431594514128264
112.72,25.39,51.5912,41.2749731685351,10.316226831464903
111.57,25.4,43.5605,44.98802388704938,-1.4275238870493823
112.17,25.4,56.7816,44.741631207398854,12.039968792601144
113.61,25.4,40.7756,40.65005160963863,0.12554839036136656
113.78,25.4,34.3983,39.63759732797943,-5.239297327979429
112.94,25.41,55.4,42.07045308464389,13.329546915356111
113.49,25.44,35.604,42.053622765217035,-6.449622765217036
112.43,25.45,31.5802,42.150001003430816,-10.569801003430815
113.69,25.46,40.3289,39.53075086489887,0.7981491351011272
111.8,25.47,42.0178,46.3802813827536,-4.3624813827536
112.34,25.47,44.8982,43.2277207550663,1.670479244933702
112.61,25.47,33.145,42.39764769307381,-9.252647693073804
113.12,25.47,43.2179,43.80066904293187,-0.5827690429318721
112.01,25.48,51.1334,46.60630669686768,4.527093303132325
111.39,25.49,47.1149,44.70200271188809,2.412897288111907
113.65,25.49,36.6662,40.41111972544558,-3.744919725445577
111.65,25.51,45.2487,46.136836323453394,-0.888136323453395
112.38,25.51,41.3816,43.11301555728885,-1.731415557288848
112.65,25.51,44.2697,41.92678561301953,2.3429143869804676
111.7,25.52,49.6649,45.8920048159244,3.772895184075601
112.46,25.52,41.679,42.07909871399107,-0.40009871399107055
112.76,25.52,36.5361,42.91313841279776,-6.377038412797759
113.91,25.52,35.4451,37.82463465524747,-2.3795346552474754
111.6,25.53,52.6,45.06585168275804,7.534148317241964
112.8,25.53,36.8845,42.86405928593338,-5.979559285933377
113.37,25.53,29.4227,43.70413571801334,-14.281435718013341
111.7,25.55,50.4257,45.97023707128962,4.455462928710382
112.89,25.55,23.6373,44.878105252386725,-21.240805252386725
113.69,25.56,53.2,37.97007910034696,15.229920899653045
112.72,25.57,45.5023,42.71201079141544,2.7902892085845608
112.37,25.58,44.5623,44.04081613435552,0.521483865644484
112.4,25.58,44.0732,43.68780718572845,0.3853928142715475
111.96,25.59,52.7,46.16500048647475,6.53499951352525
112.23,25.59,45.7582,46.02651917968993,-0.26831917968992514
113.63,25.59,39.4887,39.94122963062888,-0.45252963062888085
112.71,25.6,46.1321,43.09737447905847,3.034725520941528
113.04,25.61,45.9601,45.12039310361996,0.8397068963800365
113.95,25.61,34.3865,37.325774031030775,-2.9392740310307772
111.61,25.62,41.9314,46.26582865767589,-4.334428657675893
112.28,25.62,47.8523,45.297857900010925,2.5544420999890747
112.93,25.62,46.9614,43.943720686596905,3.017679313403093
113.75,25.62,37.62,38.25365272915775,-0.6336527291577525
111.37,25.64,39.7387,45.16151705831239,-5.42281705831239
112.34,25.64,41.4326,45.398857777547164,-3.9662577775471632
111.92,25.65,42.1268,47.05455878596955,-4.927758785969544
112.65,25.65,54.3259,42.977137329508736,11.348762670491261
112.73,25.65,42.4651,43.794880171764504,-1.3297801717645044
112.13,25.66,59.924,44.738754605937466,15.185245394062534
112.84,25.66,48.1639,43.46378260808203,4.700117391917971
111.81,25.67,49.9654,46.229290826736396,3.736109173263607
112.99,25.67,48.5949,45.55621684666616,3.0386831533338423
112.49,25.68,35.869,45.19311483832426,-9.324114838324263
112.7,25.68,43.5878,44.00667110405024,-0.41887110405023975
113.15,25.68,42.3801,46.80775218554404,-4.427652185544041
113.49,25.68,35.2557,42.54748839395655,-7.291788393956551
112.45,25.69,50.5439,44.35160894025735,6.192291059742651
111.64,25.7,42.8852,46.41262809629045,-3.52742809629045
112.5,25.71,46.5846,44.455672272266405,2.128927727733597
112.88,25.71,45.9376,44.60692364201172,1.3306763579882812
113.72,25.71,33.4336,38.3068467372299,-4.873246737229898
112.09,25.73,26.5264,47.69629828606967,-21.16989828606967
113.4,25.73,47.5403,43.98839979182215,3.5519002081778552
113.84,25.73,28.0963,37.870590134042445,-9.774290134042445
112.4,25.74,52.4717,45.08050029710736,7.391199702892635
112.85,25.74,37.4044,45.071342383173956,-7.666942383173954
112.98,25.74,46.1373,46.77678238651659,-0.6394823865165833
113.66,25.74,32.9838,39.410154404640416,-6.4263544046404135
112.44,25.75,46.8023,45.43318863650128,1.3691113634987246
112.72,25.75,50.9,43.33277875471916,7.567221245280841
113.04,25.75,47.1287,47.77217371796522,-0.6434737179652146
113.06,25.75,54.8745,47.24029269432991,7.634207305670088
112.35,25.76,47.4698,45.639246312086705,1.8305536879132944
112.65,25.76,39.4601,44.64090287619844,-5.180802876198442
112.8,25.77,37.0,44.6460944007932,-7.646094400793203
113.31,25.77,57.5801,45.603509337548914,11.976590662451088
111.44,25.78,33.1898,46.65474849967068,-13.464948499670683
112.5,25.78,47.522,44.95442246757733,2.5675775324226677
112.92,25.78,52.1365,45.484199311977136,6.652300688022862
113.06,25.78,50.1569,48.15885199383099,1.9980480061690074
113.12,25.79,44.7337,48.92819148989514,-4.194491489895142
112.12,25.81,48.4387,44.98118535693446,3.4575146430655366
112.28,25.81,47.062,45.65347549823093,1.4085245017690653
112.33,25.81,41.4949,46.22578330491453,-4.730883304914528
113.04,25.81,50.1289,48.23314987217334,1.895750127826659
112.75,25.82,36.5133,44.7181036102952,-8.204803610295201
113.1,25.82,55.1027,48.41104558409745,6.691654415902548
111.99,25.83,41.5373,45.6149957962183,-4.0776957962183005
113.17,25.84,50.2498,49.080908383024926,1.168891616975074
112.21,25.86,44.6287,45.88376214785572,-1.2550621478557176
111.72,25.87,58.7107,45.833367540062916,12.877332459937087
113.38,25.89,46.7052,47.022073973587155,-0.31687397358715685
112.21,25.91,51.1,45.04201238112648,6.057987618873518
113.13,25.91,54.0802,49.37759660710033,4.702603392899668
113.7,25.92,37.6542,38.80527254949523,-1.1510725494952254
111.73,25.93,51.8289,46.671083292690255,5.157816707309742
113.87,25.93,42.8302,36.408613092092395,6.421586907907603
111.95,25.94,46.4843,44.7264948903577,1.7578051096422982
112.62,25.94,39.428,45.425707744180045,-5.9977077441800475
113.95,25.94,36.6642,37.061044315299746,-0.3968443152997452
111.65,25.96,50.9,46.868326558934264,4.031673441065735
111.87,25.96,40.8014,45.57515451668822,-4.773754516688221
112.81,25.97,49.3823,44.51416518209601,4.868134817903993
113.05,25.97,56.9948,48.089127150963236,8.905672849036762
113.22,25.97,54.2,49.592406121712145,4.607593878287858
113.45,25.97,54.8745,44.80975429071013,10.064745709289866
111.86,25.98,40.2922,45.61540756719851,-5.323207567198509
113.01,25.99,45.8602,48.318805982446094,-2.4586059824460946
113.59,26.0,32.5761,42.579402116102806,-10.003302116102809
109.77,26.01,39.6916,40.35540123368758,-0.6638012336875789
112.86,26.02,39.4231,45.87396353348841,-6.450863533488409
112.53,26.03,54.1711,45.063996477422265,9.107103522577738
112.74,26.04,36.531,45.698067451018424,-9.167067451018426
112.92,26.04,41.1602,46.51904331004544,-5.358843310045437
113.39,26.04,44.0303,48.26080647846713,-4.2305064784671345
112.8,26.05,49.172,44.608852354607535,4.563147645392462
110.15,26.06,33.6959,38.018533990833426,-4.322633990833424
112.63,26.06,47.9376,45.30583929036169,2.631760709638314
113.28,26.06,57.0417,49.22200968872771,7.819690311272289
109.55,26.08,36.8992,41.97315832310091,-5.073958323100911
109.81,26.08,42.7479,40.00001463145774,2.7478853685422635
113.26,26.08,53.7077,49.724922222620535,3.982777777379468
113.94,26.08,36.1514,37.14962261449654,-0.9982226144965409
112.47,26.09,43.2412,46.438919018961016,-3.197719018961017
110.28,26.1,35.1583,38.17032595194956,-3.0120259519495605
112.86,26.1,40.4886,46.012323279585125,-5.523723279585127
113.54,26.1,49.2259,43.029523968504094,6.196376031495909
111.81,26.11,35.6562,46.826094164601386,-11.169894164601388
111.91,26.12,34.1585,46.20228216979248,-12.043782169792486
113.11,26.12,53.5,48.47626879122698,5.023731208773022
113.72,26.12,24.453,40.07297728655456,-15.619977286554562
112.81,26.13,45.2797,45.58501231127879,-0.3053123112787901
111.71,26.14,57.992,45.80242279647053,12.189577203529467
112.38,26.14,38.7202,46.50322798032322,-7.783027980323219
112.51,26.15,56.4501,45.512767748868114,10.937332251131885
113.03,26.15,43.2621,48.28561244274903,-5.0235124427490305
114.13,26.15,35.4352,37.02048799892598,-1.5852879989259776
109.78,26.16,49.1,39.591081173493386,9.508918826506616
112.68,26.16,42.2829,46.329711503414316,-4.046811503414318
113.86,26.16,39.7079,37.06045906307124,2.64744093692876
110.12,26.17,27.984,38.6307350386905,-10.646735038690501
113.34,26.17,63.4863,47.37289770980236,16.11340229019764
113.82,26.17,32.9959,37.99631591332782,-5.000415913327821
114.18,26.17,33.3218,37.588878280554354,-4.267078280554351
112.27,26.19,37.5078,47.028340926432136,-9.520540926432133
109.52,26.2,46.0299,41.01101356306926,5.018886436930735
112.42,26.21,35.1552,47.574592955479964,-12.419392955479964
113.2,26.21,41.2347,49.72810861171514,-8.493408611715147
113.44,26.21,49.3693,46.48854592212018,2.8807540778798213
111.36,26.22,48.3755,46.94611280438271,1.429387195617295
111.62,26.23,52.0,46.85969080343013,5.1403091965698735
111.78,26.23,47.9471,46.66324186291313,1.2838581370868667
113.77,26.23,32.8448,39.127605377941855,-6.282805377941855
113.96,26.23,42.5738,37.041629334751775,5.532170665248223
110.37,26.24,34.7059,39.09492208640377,-4.38902208640377
112.32,26.24,55.8938,46.010925098806034,9.882874901193965
112.46,26.24,49.8662,46.64693564629388,3.219264353706116
112.96,26.24,49.9044,46.98544187039555,2.918958129604455
113.89,26.24,36.6509,37.947589379803944,-1.2966893798039436
113.12,26.26,50.7629,48.40445910963271,2.358440890367291
112.37,26.27,51.2424,47.0830556650896,4.159344334910401
112.6,26.27,40.6513,47.65279193977425,-7.001491939774247
113.36,26.27,39.3199,48.87973052800274,-9.559830528002742
110.1,26.28,34.8363,38.436418440823154,-3.6001184408231524
109.94,26.29,38.582,39.4485134897821,-0.8665134897821005
110.78,26.29,40.0554,43.37269697354722,-3.317296973547222
112.1,26.29,46.6734,46.92855304187459,-0.25515304187459265
112.92,26.29,37.8646,48.549119124294165,-10.684519124294162
113.46,26.29,46.5956,46.23991189307557,0.35568810692442554
110.42,26.3,36.3158,39.407851552683034,-3.0920515526830314
113.67,26.3,40.3248,41.584510119091306,-1.2597101190913023
112.27,26.31,41.1611,48.25389702987536,-7.0927970298753635
112.74,26.31,57.4019,46.777037204612306,10.624862795387692
113.22,26.31,41.7902,49.67513506574653,-7.884935065746532
109.46,26.32,38.1542,42.82007492848122,-4.665874928481216
109.34,26.33,46.2591,41.49727033531392,4.761829664686076
113.3,26.33,51.29,48.38693771185855,2.9030622881414487
109.77,26.35,38.0506,41.39502736123126,-3.3444273612312543
110.24,26.35,38.7754,38.93613547820251,-0.16073547820251122
112.34,26.35,47.2805,48.6603603610525,-1.3798603610524935
113.98,26.35,40.8376,37.72541133910471,3.112188660895292
111.1,26.36,53.8633,46.42005444510464,7.443245554895363
112.63,26.36,41.7619,48.46798616185462,-6.706086161854621
113.67,26.36,39.5258,42.600684531570266,-3.0748845315702695
109.66,26.37,37.9153,42.361042754456236,-4.445742754456234
110.31,26.37,48.8,38.026899556774055,10.773100443225943
111.54,26.37,42.7488,46.726953615026574,-3.978153615026571
111.87,26.37,49.0268,47.43024262166934,1.5965573783306581
112.22,26.37,53.9867,47.67383072302604,6.312869276973956
112.32,26.37,51.1009,48.54798073549638,2.552919264503622
112.68,26.37,54.3536,47.503073997576585,6.850526002423415
113.79,26.37,44.1847,39.95590495145698,4.22879504854302
111.49,26.38,44.4233,46.38294595188043,-1.9596459518804323
112.76,26.39,43.1954,49.084324338165246,-5.888924338165246
113.62,26.39,40.2705,44.10597845634904,-3.835478456349044
113.64,26.39,47.7179,42.87361297498412,4.8442870250158805
113.87,26.39,29.1492,40.345330871141584,-11.196130871141584
111.29,26.4,49.7,46.96089330129697,2.739106698703033
112.28,26.4,51.1841,48.67303875722544,2.5110612427745593
109.43,26.41,43.8833,42.29307677594456,1.5902232240554355
112.39,26.41,52.3,49.1739475220802,3.1260524779197993
111.6,26.42,49.2598,45.884536993907716,3.3752630060922826
112.51,26.42,51.8067,48.4480914625183,3.3586085374817003
110.05,26.43,40.0743,39.33237761363224,0.7419223863677615
111.63,26.43,39.2669,47.25874561496512,-7.991845614965122
112.07,26.43,53.4851,47.3196064461711,6.165493553828902
112.18,26.43,51.8522,47.82987606400319,4.022323935996816
112.83,26.43,52.6,48.77804794935582,3.821952050644178
114.02,26.43,28.8589,39.43589569848191,-10.576995698481909
110.62,26.44,33.7964,41.6551204408318,-7.858720440831803
110.85,26.44,49.7,44.08947621630236,5.610523783697644
112.38,26.44,58.2218,48.97125141743034,9.250548582569664
113.24,26.44,64.1184,48.57613578385858,15.542264216141412
109.9,26.45,42.5123,39.97064516640406,2.541654833595942
111.22,26.45,56.8387,46.08645879075809,10.752241209241916
112.36,26.45,45.9617,50.07529918096184,-4.113599180961842
112.43,26.45,46.7791,49.75596043076261,-2.9768604307626134
111.89,26.46,56.4399,47.16279245621926,9.277107543780744
113.49,26.46,44.6835,46.88806142949824,-2.2045614294982343
112.14,26.47,34.8724,49.17026023939401,-14.297860239394012
113.09,26.47,47.9113,50.30214937853238,-2.39084937853238
112.64,26.48,46.3443,48.803144409908995,-2.4588444099089983
113.65,26.48,48.1446,43.86920776826063,4.275392231739367
113.76,26.48,38.6339,42.798926830794585,-4.165026830794588
113.79,26.48,51.1,41.09521495444251,10.00478504555749
113.91,26.48,41.2685,40.01254955303256,1.2559504469674465
111.78,26.49,46.7869,47.409818365111306,-0.6229183651113033
112.89,26.49,47.4926,50.01264205163014,-2.520042051630135
111.45,26.5,38.9662,45.98466595700863,-7.01846595700863
111.62,26.5,52.9886,45.325156112165516,7.663443887834482
112.27,26.5,45.4203,49.54655247829528,-4.126252478295285
112.52,26.5,47.4955,49.105451020535256,-1.6099510205352559
112.85,26.5,59.3201,48.836631897645475,10.483468102354522
114.04,26.5,34.3412,39.46711834104186,-5.12591834104186
109.53,26.51,46.9184,42.86448217085387,4.05391782914613
110.35,26.51,44.0992,38.53301997979735,5.566180020202651
112.04,26.51,49.7619,47.8806064998348,1.8812935001651994
113.12,26.51,53.3872,50.116462683784476,3.2707373162155235
113.8,26.51,42.1652,42.12817805675478,0.03702194324522168
109.93,26.52,33.0317,41.15218806982421,-8.120488069824212
110.42,26.52,39.8773,38.88937040851265,0.9879295914873509
112.36,26.52,55.7646,49.497933179492904,6.266666820507098
112.11,26.53,46.7937,48.03367553707754,-1.239975537077541
110.95,26.54,55.9957,44.842290277917286,11.153409722082714
112.46,26.54,53.1979,49.21987959422212,3.978020405777876
112.61,26.54,47.4926,48.74018223663138,-1.2475822366313736
114.04,26.54,41.4381,38.990323581267965,2.447776418732033
111.86,26.55,49.7451,47.46744838325078,2.2776516167492176
113.28,26.55,49.8999,50.10232051267954,-0.20242051267953798
113.62,26.55,48.4281,44.86200752344674,3.5660924765532585
113.93,26.55,46.0433,40.238698243355316,5.804601756644686
109.67,26.56,52.1,42.64065417751075,9.459345822489254
113.32,26.56,46.5374,49.890354277176655,-3.352954277176657
110.28,26.57,35.8322,39.28053524644309,-3.4483352464430865
113.74,26.57,39.6234,43.53225769061606,-3.908857690616067
109.9,26.58,35.5487,41.59142011709728,-6.042720117097282
112.59,26.58,42.4762,49.18198017104531,-6.705780171045312
112.78,26.58,50.1472,49.73012784092693,0.41707215907306505
110.14,26.59,48.9,38.863824065816594,10.036175934183404
111.86,26.59,44.8979,47.77904554638556,-2.881145546385561
112.32,26.59,58.059,49.02809019924249,9.030909800757506
111.22,26.6,45.0422,45.62823445363776,-0.5860344536377582
112.95,26.6,49.2377,50.183621615764025,-0.9459216157640284
110.74,26.61,42.4082,42.66534076003014,-0.25714076003013986
112.09,26.61,47.4496,47.97524219553333,-0.5256421955333366
112.5,26.61,48.6734,49.094335686769824,-0.4209356867698233
112.57,26.61,44.3757,49.060911293207496,-4.6852112932074945
113.34,26.61,46.6351,49.85595804741036,-3.22085804741036
113.38,26.61,44.0858,49.64918783330961,-5.563387833309612
113.9,26.61,46.7332,40.94073982227849,5.792460177721509
110.47,26.62,28.8837,39.362935550920824,-10.479235550920823
112.17,26.62,47.3913,48.31053967786057,-0.9192396778605669
112.9,26.62,46.597,50.29165836847697,-3.694658368476972
110.58,26.63,44.3047,39.27647364622216,5.028226353777839
113.23,26.63,54.1743,50.57669256794803,3.597607432051973
111.5,26.64,47.1271,43.53810465327416,3.588995346725838
112.69,26.64,58.3832,48.7355575593963,9.647642440603704
113.5,26.64,59.9736,46.86475506654858,13.108844933451415
109.38,26.65,37.2959,42.85308277307924,-5.557182773079234
110.44,26.65,41.5273,37.23140945670487,4.29589054329513
113.41,26.66,49.943,49.30202239459984,0.6409776054001597
109.34,26.67,35.7158,42.877138518267266,-7.161338518267264
109.65,26.67,49.1298,43.98003334177888,5.149766658221125
109.94,26.67,37.7497,42.12165032793029,-4.371950327930293
111.57,26.67,39.616,44.71721139130864,-5.101211391308638
112.86,26.67,49.8501,49.92102676571413,-0.07092676571413392
113.58,26.67,26.6204,47.93610016663429,-21.31570016663429
113.82,26.67,39.9548,42.555998178489844,-2.6011981784898452
110.92,26.68,50.45,43.887907653002024,6.562092346997979
113.66,26.68,46.0352,44.516014882226614,1.5191851177733895
112.4,26.69,52.5035,48.93702701107702,3.566472988922982
112.63,26.69,51.644,48.889509300750625,2.7544906992493736
113.02,26.69,52.0831,50.47878249375677,1.604317506243234
113.26,26.69,52.6583,50.82071889204029,1.837581107959707
109.45,26.7,43.6327,42.95409342719821,0.6786065728017903
111.4,26.7,32.1579,44.376460819157636,-12.218560819157638
112.11,26.7,44.1711,48.09874009133632,-3.9276400913363148
112.17,26.7,44.0233,48.35895382274617,-4.335653822746174
112.44,26.7,48.7123,49.02578641017188,-0.3134864101718833
109.73,26.71,38.0455,44.85549183042084,-6.8099918304208416
113.26,26.71,56.3,50.427776615957185,5.872223384042812
109.59,26.72,53.3435,43.460481883121325,9.883018116878674
110.31,26.72,35.1789,37.48306619404028,-2.3041661940402847
111.75,26.72,49.773,45.43560107716153,4.337398922838474
112.03,26.72,50.791,47.515538178197104,3.2754618218028924
112.88,26.72,48.3481,50.21561627838415,-1.8675162783841444
113.44,26.72,55.7863,48.66346030038579,7.122839699614204
112.31,26.73,55.3347,48.241161174640546,7.0935388253594525
110.64,26.74,46.4,39.688188178775476,6.711811821224522
111.96,26.74,48.6686,47.46955972509315,1.1990402749068494
113.0,26.74,52.8238,50.29427245316014,2.5295275468398586
113.51,26.74,54.4285,47.351010324939544,7.0774896750604555
110.07,26.75,48.6979,40.044268350795555,8.653631649204442
111.54,26.75,48.6308,42.467730611223544,6.1630693887764565
112.59,26.75,50.3645,48.39586423314488,1.9686357668551224
112.77,26.75,43.8689,50.193955395173724,-6.325055395173727
112.79,26.75,51.7286,49.51402676799222,2.21457323200778
113.57,26.75,58.6657,45.5919392818564,13.073760718143603
111.87,26.76,43.7549,47.06040380514365,-3.305503805143651
112.08,26.76,48.9,47.56124771215969,1.3387522878403075
112.69,26.76,52.248,48.8920710763192,3.3559289236808
113.59,26.76,50.7138,45.78353965299685,4.9302603470031485
113.81,26.76,40.1936,42.46241051252381,-2.2688105125238067
110.74,26.77,38.9215,42.05372918564657,-3.1322291856465654
111.04,26.77,42.0032,44.24177417447044,-2.2385741744704433
109.86,26.78,51.0259,42.71225380412682,8.313646195873183
110.42,26.78,18.909,38.238539846733836,-19.329539846733837
111.93,26.78,49.778,47.00426608460316,2.7737339153968392
113.75,26.78,46.3628,42.81395886166971,3.548841138330289
110.18,26.79,33.9103,39.36038358568999,-5.450083585689988
112.56,26.79,50.0009,47.93848699642568,2.0624130035743207
112.87,26.79,50.4052,50.2101769410053,0.19502305899469974
113.13,26.79,53.2743,50.13193018077614,3.142369819223859
113.21,26.79,55.18,50.028428708950244,5.1515712910497555
113.54,26.79,40.7357,47.08831798362246,-6.3526179836224586
111.72,26.8,50.2231,44.049844084339014,6.173255915660988
113.28,26.8,50.291,50.18169540020915,0.10930459979084617
110.34,26.81,40.2222,35.838570100528884,4.383629899471117
111.46,26.82,31.6288,43.51925719324327,-11.890457193243272
111.76,26.82,47.2075,44.81885175958725,2.3886482404127563
112.02,26.82,49.2064,47.30221591989105,1.904184080108955
113.43,26.82,57.9,47.54233692229568,10.357663077704316
113.53,26.82,40.3694,46.697748464513886,-6.328348464513887
110.08,26.83,40.139,41.06135218301905,-0.9223521830190506
110.52,26.83,35.0663,38.01333212485875,-2.947032124858751
112.64,26.83,35.634,49.446557042003434,-13.812557042003434
111.84,26.84,45.8141,46.00967953032276,-0.19557953032275321
112.37,26.84,48.983,47.818008048412395,1.1649919515876022
113.82,26.84,41.2685,41.758884591286545,-0.4903845912865421
111.68,26.85,31.3737,44.458355791452426,-13.084655791452427
112.46,26.85,40.339,48.3075808111286,-7.968580811128604
112.51,26.85,43.1472,48.03203801120061,-4.884838011200614
113.56,26.85,44.6582,45.16959405294719,-0.511394052947189
113.74,26.85,45.3033,42.81513970720998,2.4881602927900204
112.17,26.86,45.684,47.439027926991656,-1.7550279269916587
109.72,26.88,51.3,43.72020481502963,7.579795184970365
112.71,26.88,54.8352,49.21827457112879,5.6169254288712125
112.77,26.88,48.9729,50.519217390055736,-1.5463173900557337
110.94,26.89,33.8323,43.38492045575817,-9.552620455758174
112.6,26.89,38.7712,49.00293296955376,-10.23173296955376
113.02,26.89,45.9376,50.16539543322045,-4.22779543322045
110.24,26.9,31.4923,38.20383394031942,-6.71153394031942
111.65,26.9,44.8105,42.21446913315483,2.596030866845169
112.94,26.9,52.7613,50.17620924048528,2.5850907595147206
113.18,26.9,38.8151,49.92662364594469,-11.111523645944686
113.87,26.9,23.2359,43.140081089408625,-19.904181089408624
110.41,26.91,35.7473,36.59642187188221,-0.849121871882204
113.66,26.91,48.3454,43.11444023089815,5.230959769101851
111.89,26.92,51.0675,45.722847286498165,5.344652713501837
111.96,26.92,50.8259,46.366714271478926,4.459185728521071
112.22,26.92,47.3072,47.10639350936536,0.2008064906346405
110.33,26.93,21.3805,38.3039239126691,-16.923423912669097
111.69,26.93,34.2225,43.50943850859778,-9.286938508597785
112.1,26.93,43.926,47.12545539758568,-3.1994553975856803
112.49,26.93,50.7984,47.84912723716869,2.9492727628313133
113.59,26.93,35.6757,44.363987960506705,-8.688287960506706
113.87,26.93,42.3524,40.76048723788144,1.591912762118561
110.67,26.94,42.1434,40.08788839771684,2.055511602283161
110.79,26.94,46.1463,40.676561436426795,5.469738563573202
111.84,26.94,45.8748,45.25961481622136,0.6151851837786424
112.82,26.94,57.5505,50.67608372597459,6.874416274025407
113.33,26.94,57.2631,47.563800888887414,9.699299111112587
113.55,26.94,31.7438,45.08192930014256,-13.338129300142562
112.71,26.95,49.8372,50.436753447232896,-0.5995534472328927
113.16,26.95,49.8595,48.25270906224948,1.6067909377505174
113.42,26.95,39.0055,47.29411863926786,-8.28861863926786
110.03,26.96,50.0251,41.361192090053024,8.663907909946978
112.57,26.96,50.7662,48.752007656272305,2.014192343727693
109.74,26.97,39.1858,44.925792270958716,-5.739992270958716
112.37,26.97,44.2491,48.17090059944467,-3.9218005994446727
109.77,26.98,43.2446,44.44742248738134,-1.20282248738134
111.14,26.98,48.4307,42.17012328461048,6.260576715389519
111.76,26.98,48.6896,43.02620858686261,5.66339141313739
112.5,26.98,46.0394,48.91334803536606,-2.8739480353660625
112.59,26.98,51.5,49.17074227553269,2.329257724467311
112.81,26.98,57.229,50.98118613117784,6.247813868822156
113.12,26.98,42.5641,48.95541570549993,-6.3913157054999274
113.3,26.98,54.8129,47.67132529881526,7.141574701184737
113.8,26.98,54.1965,40.76046085863521,13.436039141364787
111.29,27.0,49.5,41.978312989568735,7.521687010431265
112.3,27.0,42.6421,47.95805785767891,-5.31595785767891
109.84,27.01,52.9403,43.30232320036183,9.637976799638167
110.73,27.01,38.6388,40.77862703994348,-2.1398270399434764
113.78,27.01,32.3045,43.74695463589941,-11.44245463589941
110.82,27.02,41.8122,40.805200100681354,1.006999899318643
111.67,27.02,35.4623,42.886762680941835,-7.424462680941836
112.46,27.02,49.7327,48.88456758405848,0.8481324159415209
110.61,27.03,46.5,38.947664639315725,7.552335360684275
113.66,27.03,46.7229,43.18944127108649,3.5334587289135158
111.58,27.04,49.727,41.36766637480544,8.359333625194559
112.17,27.04,40.1874,47.54763362146316,-7.360233621463166
112.55,27.05,46.9743,50.044187269970834,-3.0698872699708346
112.98,27.05,51.9,49.77009569451393,2.129904305486072
113.04,27.06,42.5437,49.72192955127352,-7.1782295512735175
113.35,27.06,50.1,46.5328591081062,3.5671408918938
113.55,27.06,44.102,43.92628627124566,0.17571372875433866
110.35,27.07,37.468,38.757516936972095,-1.2895169369720918
111.79,27.07,38.6544,43.99747101237796,-5.343071012377955
112.41,27.07,56.8281,48.44744893444016,8.380651065559839
112.84,27.07,51.7316,51.631350247910284,0.10024975208971654
112.67,27.08,51.8948,51.131301014750534,0.7634989852494627
113.3,27.09,51.5154,46.59391383075011,4.921486169249889
108.96,27.1,49.601,40.19923694120016,9.401763058799837
111.7,27.1,35.0454,43.04616415286337,-8.000764152863368
112.09,27.1,46.4528,46.72945017150574,-0.2766501715057359
112.75,27.1,53.5069,51.689182646071764,1.8177173539282379
113.14,27.1,46.2929,48.02168538792777,-1.7287853879277648
111.03,27.11,44.6,41.00652535244379,3.5934746475562136
109.62,27.12,42.4516,43.52273236701333,-1.071132367013334
109.7,27.12,42.4591,44.0460635212828,-1.5869635212827973
109.98,27.12,39.7542,43.546874995611525,-3.7926749956115273
112.59,27.12,50.919,50.642548312906484,0.27645168709351253
113.53,27.12,39.9123,44.483061545841714,-4.570761545841712
111.94,27.13,42.9394,45.90256433699139,-2.9631643369913903
112.69,27.13,55.6511,51.208645969703866,4.442454030296133
113.67,27.13,48.9557,43.61745805898791,5.338241941012093
109.97,27.14,42.4056,43.32937983056826,-0.9237798305682574
113.23,27.14,48.9867,46.715366361338866,2.271333638661133
110.73,27.15,32.1231,40.88711569677068,-8.764015696770677
112.29,27.15,43.169,48.87735801508394,-5.708358015083945
112.42,27.15,54.3879,49.224809356043565,5.163090643956437
112.8,27.15,56.0125,51.5854194927,4.427080507300005
113.37,27.15,44.1526,46.11944548391163,-1.9668454839116336
113.53,27.15,32.7296,45.430904798143615,-12.701304798143617
113.66,27.15,45.5441,44.206768610859854,1.3373313891401466
113.31,27.16,38.201,47.059014964140154,-8.858014964140153
111.9,27.17,49.8279,44.55232921413551,5.275570785864488
109.13,27.18,33.4128,42.2499808019327,-8.837180801932703
111.45,27.18,46.8137,41.776343499698235,5.037356500301762
113.15,27.18,44.2014,48.00654005481822,-3.8051400548182173
110.17,27.19,41.5797,41.540616986274216,0.039083013725786486
110.4,27.19,47.9277,38.678941196454794,9.248758803545208
111.58,27.19,41.8668,42.05958069998621,-0.1927806999862156
112.23,27.19,57.6529,47.09545404230701,10.557445957692991
112.49,27.2,57.0274,49.480563962541716,7.546836037458284
113.19,27.2,38.4571,47.7041625290109,-9.247062529010904
109.84,27.21,40.3878,44.79755591125674,-4.409755911256738
111.45,27.21,45.2955,41.88972563233084,3.40577436766916
111.58,27.21,39.9505,42.27528579321727,-2.3247857932172735
112.87,27.21,53.8219,51.4326153159878,2.389284684012196
113.58,27.21,49.6588,44.627129318078644,5.031670681921355
110.67,27.22,48.9697,38.37130265017032,10.598397349829682
112.31,27.22,52.311,48.112522655980385,4.198477344019615
112.75,27.22,51.7673,51.72879918348044,0.03850081651955861
113.03,27.22,53.3868,49.86165988158626,3.525140118413738
113.11,27.22,55.8764,48.21192725011382,7.66447274988618
113.73,27.22,42.9128,44.31443629494939,-1.401636294949391
113.8,27.22,40.9079,43.91919845717486,-3.0112984571748598
109.29,27.23,33.4177,42.10148045287202,-8.683780452872014
109.73,27.23,46.35,44.04330765876021,2.3066923412397884
113.3,27.23,53.5809,45.92918203475028,7.651717965249716
113.43,27.23,47.3145,45.79926421627247,1.5152357837275332
111.37,27.24,29.1095,43.58037978122161,-14.470879781221608
111.74,27.24,46.1,42.52993777835173,3.5700622216482714
112.84,27.24,45.8483,52.3057966399723,-6.457496639972298
112.36,27.25,44.1086,49.12656382912789,-5.017963829127886
113.22,27.25,27.6026,48.622146516719404,-21.019546516719405
111.15,27.26,38.1141,41.60564533725726,-3.491545337257257
112.84,27.26,57.4765,51.15790381871513,6.3185961812848745
113.7,27.26,45.1549,44.6277067865879,0.5271932134120974
112.94,27.28,53.4137,50.848504481832094,2.5651955181679043
113.57,27.28,50.8569,45.29471264893215,5.5621873510678554
112.09,27.29,51.1404,46.65066153913436,4.489738460865638
112.69,27.3,44.7796,51.69442058378951,-6.914820583789506
109.48,27.31,36.9729,43.10715789161276,-6.134257891612755
112.89,27.31,51.9303,51.20845854184424,0.7218414581557653
113.08,27.31,55.8048,49.449748952516195,6.355051047483805
113.62,27.31,49.7675,45.248565439429555,4.518934560570443
109.06,27.32,37.0313,41.69185083458042,-4.66055083458042
110.16,27.32,45.2877,42.308740728502954,2.9789592714970468
110.41,27.32,31.5517,41.156145329009966,-9.604445329009966
112.6,27.32,37.1682,51.395484005389946,-14.227284005389947
113.28,27.32,46.4055,47.79804402409174,-1.392544024091734
111.87,27.33,48.4109,43.86357049695184,4.547329503048161
112.1,27.33,49.2754,46.66598982773912,2.60941017226088
112.66,27.33,59.0709,50.042248927209535,9.028651072790467
113.4,27.33,46.2034,47.144785085238155,-0.9413850852381529
109.91,27.34,49.1486,44.61884786627209,4.529752133727911
111.45,27.34,43.4,42.257132708603464,1.1428672913965343
113.51,27.34,40.354,46.8921399376862,-6.5381399376862035
109.84,27.35,48.8425,45.02319169843681,3.81930830156319
112.59,27.35,52.7085,49.7700607592441,2.9384392407558977
111.09,27.36,31.8938,41.564809898118824,-9.671009898118825
112.78,27.36,53.628,51.07354323804002,2.554456761959983
113.16,27.36,53.1838,49.21010516886878,3.973694831131219
109.16,27.37,47.6,40.23349403877524,7.36650596122476
110.94,27.37,30.348,40.130073542436776,-9.782073542436777
111.67,27.37,31.7516,43.21773705762483,-11.466137057624831
112.52,27.37,53.4207,48.922458627435475,4.498241372564522
112.82,27.37,57.7053,50.51989346551713,7.185406534482873
113.21,27.37,53.3688,48.73807691538685,4.630723084613152
112.03,27.38,54.3887,45.2687304591852,9.1199695408148
112.23,27.38,47.6443,46.58802605850277,1.0562739414972313
112.57,27.38,49.1119,49.901360646274156,-0.7894606462741578
112.99,27.38,45.5476,50.41741470213378,-4.86981470213378
109.25,27.4,44.2215,41.24243085930992,2.979069140690079
110.51,27.4,35.4709,40.11919861481825,-4.648298614818252
111.27,27.4,56.4702,41.51313692991493,14.95706307008507
111.99,27.4,48.9631,45.046206008610284,3.9168939913897134
112.43,27.4,40.7899,48.61951490397885,-7.82961490397885
113.45,27.4,52.6607,46.57810775782219,6.08259224217781
109.81,27.41,45.4281,45.767710314609275,-0.33961031460927416
112.64,27.41,57.1641,49.75362834098358,7.410471659016416
113.34,27.41,50.7396,47.94027952443164,2.799320475568365
110.61,27.42,35.5719,39.667004797433584,-4.095104797433585
113.09,27.42,55.9185,49.27067744451995,6.6478225554800545
109.36,27.43,43.5935,41.82883139856531,1.7646686014346855
112.11,27.43,47.1496,45.40693133259231,1.7426686674076919
113.04,27.43,50.1757,49.450829167536064,0.7248708324639352
111.43,27.44,39.647,43.48060316142051,-3.8336031614205126
111.97,27.44,45.8314,44.36617093750585,1.4652290624941529
112.14,27.44,32.6019,46.60098498201052,-13.999084982010523
113.16,27.44,53.7436,49.36584541975567,4.3777545802443285
109.68,27.45,43.0104,45.130841671774036,-2.1204416717740386
109.76,27.45,54.8114,44.460186331785145,10.351213668214854
111.18,27.45,49.8885,41.49258895693965,8.395911043060352
112.17,27.45,50.3,44.995022034382046,5.304977965617951
109.95,27.46,46.04,45.04318277868181,0.9968172213181887
113.39,27.46,54.4953,47.01988551585634,7.475414484143663
111.73,27.47,35.1539,43.54018389448458,-8.386283894484578
112.43,27.47,44.1488,47.841146431147834,-3.6923464311478327
112.73,27.47,49.7879,49.95527623859323,-0.1673762385932278
113.53,27.47,50.0842,45.76317372760139,4.321026272398612
112.19,27.48,45.2791,45.194561927785045,0.08453807221495424
111.93,27.49,20.5054,45.79663758398296,-25.291237583982955
112.27,27.49,43.796,45.6769970562812,-1.8809970562812026
113.23,27.49,63.1423,47.934492363845365,15.207807636154634
113.6,27.49,46.1143,45.66375726047278,0.4505427395272221
112.83,27.5,47.1902,49.264128524222656,-2.0739285242226586
113.01,27.5,43.5661,48.758843622930755,-5.192743622930756
109.45,27.51,45.1626,42.27447972580766,2.888120274192339
111.57,27.51,39.8043,43.40345120240298,-3.599151202402979
113.49,27.51,36.9184,47.03570338483597,-10.11730338483597
110.18,27.52,43.7433,43.46224838695751,0.2810516130424858
111.76,27.52,46.0593,43.08095767584045,2.9783423241595486
112.1,27.52,48.6434,44.55718633771403,4.086213662285971
110.35,27.53,42.9679,42.002621976638615,0.9652780233613854
110.77,27.53,32.9722,39.67818799394282,-6.70598799394282
112.23,27.53,42.7237,44.87670681761049,-2.153006817610489
112.34,27.53,46.9517,46.03872803525353,0.9129719647464754
112.51,27.53,56.4808,47.42710419613984,9.053695803860165
113.0,27.53,46.1953,48.001808346097,-1.8065083460969973
113.14,27.53,46.1561,48.81232468420737,-2.6562246842073662
113.28,27.53,43.4915,48.640057921110696,-5.148557921110694
111.68,27.55,48.1747,43.23261993689597,4.942080063104029
113.16,27.55,44.6874,48.79674886362836,-4.109348863628362
112.01,27.56,47.732,44.400634801920305,3.331365198079695
112.92,27.56,44.3916,48.00255549761412,-3.610955497614121
111.37,27.57,52.8243,43.00863279911249,9.81566720088751
113.36,27.57,46.9573,46.61666155316099,0.3406384468390087
111.02,27.58,41.5322,39.99688625897376,1.5353137410262434
111.81,27.58,43.3088,44.0214518765507,-0.7126518765507015
112.09,27.58,43.3256,44.883960290183104,-1.5583602901831028
112.65,27.58,54.9007,47.75795035818979,7.142749641810212
110.28,27.59,48.5748,42.45688126600358,6.117918733996426
110.96,27.59,36.5488,40.00325931530565,-3.454459315305648
111.77,27.59,42.9607,44.130977394938995,-1.1702773949389922
111.9,27.59,47.7761,44.09718283451018,3.678917165489821
113.49,27.59,45.3479,45.677528061887784,-0.3296280618877816
113.59,27.59,46.842,45.16527083279628,1.6767291672037175
111.48,27.6,42.7863,43.95123320944643,-1.1649332094464313
112.35,27.6,55.5432,45.22821278552755,10.314987214472445
110.03,27.61,43.4457,44.654461795808075,-1.2087617958080727
110.1,27.61,41.8015,44.443372120314834,-2.6418721203148365
113.1,27.61,41.693,47.962959859410304,-6.2699598594103065
113.14,27.61,55.743,47.256474922091144,8.486525077908858
111.1,27.62,40.8575,41.401811668595684,-0.5443116685956824
111.62,27.62,48.2726,43.74215620028731,4.530443799712685
112.71,27.62,52.1252,47.4397225028473,4.6854774971526965
110.6,27.63,43.9154,40.56936610150301,3.346033898496991
111.69,27.63,49.0139,44.01197586432724,5.001924135672759
111.93,27.63,48.2062,44.704576142181466,3.5016238578185366
112.24,27.63,44.8899,43.19496286575671,1.6949371342432897
112.25,27.63,10.0193,46.76093452489765,-36.74163452489765
112.38,27.63,46.4458,46.380620177888375,0.06517982211162376
113.24,27.63,53.0048,47.22715219362738,5.77764780637262
110.32,27.64,36.2038,43.98273827475051,-7.778938274750509
112.34,27.64,49.3983,45.439130719544394,3.9591692804556047
112.58,27.64,40.8236,47.61664716843373,-6.793047168433731
112.63,27.64,41.8459,47.75847940872729,-5.912579408727289
113.37,27.64,29.6809,47.094032863846806,-17.413132863846805
113.51,27.64,52.2,44.6180558721772,7.581944127822801
111.56,27.65,41.239,44.24037228409539,-3.001372284095396
112.0,27.65,46.5413,45.19254617793473,1.3487538220652695
111.77,27.66,46.2455,44.321385010135664,1.9241149898643357
111.83,27.66,42.5419,44.778566057722834,-2.236666057722836
112.45,27.66,47.1102,46.492547858016636,0.6176521419833634
113.16,27.66,52.746,47.250307606841645,5.4956923931583574
109.71,27.67,46.1165,44.3685801172464,1.7479198827535996
109.85,27.67,47.1333,44.905145627074624,2.228154372925374
110.16,27.67,45.4763,43.908525350796864,1.5677746492031375
113.02,27.67,34.4745,47.40664766511943,-12.93214766511943
113.07,27.68,42.4227,46.936206997106225,-4.5135069971062265
113.18,27.68,48.545,47.44580580057956,1.0991941994204382
113.46,27.68,47.759,44.82106776616612,2.937932233833884
110.68,27.69,34.7408,41.73710020488059,-6.9963002048805905
111.28,27.69,43.1319,43.58869853894389,-0.456798538943886
112.0,27.69,44.5,45.68179889195404,-1.1817988919540383
112.11,27.69,45.4548,44.99665905994236,0.45814094005763906
112.21,27.69,47.4823,44.1798847710824,3.302415228917603
109.6,27.7,46.7858,42.71543834496187,4.070361655038134
111.44,27.7,48.2124,43.53837040077042,4.674029599229584
111.7,27.7,46.2,44.45508624361783,1.744913756382175
112.97,27.7,53.9346,45.62651567372565,8.308084326274354
112.6,27.71,50.8714,45.74237932113853,5.1290206788614725
113.37,27.71,42.8857,45.93022083817719,-3.044520838177192
111.63,27.72,44.052,44.400820381345994,-0.3488203813459947
111.77,27.72,37.659,45.22914084927105,-7.5701408492710485
112.34,27.72,49.4635,45.53133119451513,3.9321688054848707
113.32,27.72,43.4497,46.60909452330805,-3.159394523308052
110.41,27.73,49.3009,42.73455975133539,6.566340248664609
112.0,27.73,50.385,45.43687887991443,4.948121120085567
112.72,27.73,44.9409,46.33309177087769,-1.3921917708776874
113.5,27.73,29.9715,45.883197151598395,-15.911697151598396
113.67,27.73,46.1944,44.272684661493855,1.9217153385061465
110.53,27.74,42.9664,42.81863881355733,0.147761186442672
113.05,27.74,49.8097,46.2380070169324,3.5716929830675994
113.11,27.74,45.3419,46.88794977559321,-1.546049775593211
110.14,27.75,45.5579,44.083824174252015,1.4740758257479811
110.89,27.75,34.4068,41.27622885368687,-6.86942885368687
111.29,27.75,43.6,43.700444998586,-0.1004449985859992
112.02,27.75,49.2805,45.51357808561732,3.766921914382685
112.51,27.75,45.8,45.52480313188998,0.2751968681100152
113.27,27.75,51.3606,46.565618584043804,4.794981415956194
111.92,27.76,46.2788,45.52190525710296,0.756894742897039
112.47,27.76,42.9861,45.84399013808998,-2.857890138089978
113.69,27.76,48.2907,43.73948568724902,4.551214312750979
112.07,27.77,46.4056,45.459707254454855,0.9458927455451445
113.21,27.77,42.5658,47.01658123515871,-4.450781235158708
113.32,27.77,50.6983,46.30590446435884,4.392395535641164
113.39,27.77,51.5538,45.33685223525593,6.21694776474407
111.49,27.78,35.3794,44.774601383011245,-9.395201383011248
111.75,27.78,48.9128,44.30481956690539,4.60798043309461
111.88,27.78,49.8934,44.906133095090155,4.987266904909845
111.96,27.78,48.1025,45.48445557184057,2.618044428159429
112.77,27.78,48.5167,45.37640148404016,3.1402985159598416
113.29,27.78,51.4066,46.48943957423754,4.917160425762461
111.06,27.79,33.1517,42.76298963111979,-9.611289631119789
112.95,27.79,37.6379,46.27474692125317,-8.636846921253166
113.14,27.79,45.2538,46.871143250021184,-1.617343250021186
112.6,27.8,45.3007,44.79955187928441,0.501148120715591
113.16,27.8,52.1595,46.35882335303493,5.800676646965073
113.43,27.8,49.3183,44.95657579578929,4.361724204210709
112.01,27.81,45.251,45.56825607678796,-0.3172560767879631
112.32,27.81,51.2745,45.809587044228394,5.464912955771609
113.04,27.81,46.1737,46.49669233073327,-0.32299233073327116
113.05,27.81,48.4071,46.40143130720574,2.0056686927942593
113.08,27.81,50.1068,46.42761023800447,3.6791897619955307
113.22,27.81,38.9746,47.008807405297844,-8.034207405297842
111.67,27.82,53.071,43.6022014289262,9.468798571073798
112.22,27.82,44.2215,45.88722344233224,-1.6657234423322436
113.11,27.82,44.8767,46.81709057171064,-1.940390571710637
113.23,27.82,42.1493,46.80443894286786,-4.655138942867865
109.62,27.83,39.0938,42.4923141145936,-3.3985141145935955
112.94,27.83,42.4787,45.57804622132433,-3.099346221324325
113.01,27.83,51.8932,45.727857311125824,6.165342688874176
113.35,27.83,51.3089,45.71108859018676,5.597811409813239
113.47,27.83,36.9919,45.62933643481058,-8.637436434810581
111.85,27.84,45.5582,44.724938343104014,0.833261656895985
112.52,27.84,39.6927,44.68652793714989,-4.993827937149888
113.17,27.84,41.7177,46.986766018423616,-5.269066018423615
110.69,27.85,54.2861,41.79580379844685,12.49029620155315
111.78,27.85,41.3376,44.75654050992381,-3.4189405099238073
112.39,27.85,46.1411,46.1549544433164,-0.01385444331639718
113.27,27.85,51.3173,46.28547573510729,5.0318242648927125
113.38,27.85,33.3876,46.74065236101279,-13.353052361012793
109.81,27.86,48.1,44.15928822850701,3.9407117714929925
109.92,27.86,46.3371,44.546984113323155,1.790115886676844
112.9,27.86,41.8944,45.385295213764074,-3.4908952137640767
113.23,27.86,51.5354,46.28510486991104,5.250295130088965
110.01,27.87,34.374,45.276990746936804,-10.902990746936801
110.09,27.87,46.3179,43.9108201533433,2.4070798466567
113.17,27.87,52.9195,46.268687186055494,6.650812813944505
113.62,27.87,41.5784,44.29263674888074,-2.7142367488807366
109.45,27.88,35.6486,39.759946558535695,-4.111346558535693
109.7,27.88,46.8247,42.88679737984236,3.9379026201576366
110.4,27.88,49.8775,43.21880397909967,6.658696020900329
110.73,27.88,43.6693,43.07792295797339,0.5913770420266076
111.37,27.88,47.3888,44.245690397091096,3.1431096029089076
111.65,27.88,38.4645,44.748129475543195,-6.283629475543194
112.83,27.88,45.729,44.82332772694987,0.9056722730501292
113.07,27.88,44.01,46.59142815583111,-2.5814281558311123
113.12,27.88,48.5252,46.51221476554865,2.0129852344513495
113.43,27.88,49.8898,45.053728662038495,4.836071337961506
113.49,27.88,50.4823,44.58757742770206,5.894722572297944
109.55,27.89,29.1241,41.438624880402244,-12.314524880402246
109.64,27.89,46.0368,41.780792242858,4.256007757142001
109.89,27.89,49.1482,44.283836198536726,4.864363801463277
111.52,27.89,39.2374,44.75665526964728,-5.519255269647282
112.53,27.89,30.1444,44.859728720900605,-14.715328720900605
112.59,27.89,45.2854,43.32932731082302,1.9560726891769846
112.97,27.89,43.3489,45.75965863831442,-2.4107586383144195
113.21,27.9,43.0973,46.76424102030726,-3.666941020307263
109.31,27.91,35.7624,39.17969168161438,-3.4172916816143797
110.6,27.91,45.4,43.501065292519094,1.8989347074809046
111.85,27.91,41.2857,44.608919222204804,-3.3232192222048056
113.69,27.91,35.7671,44.40993837340342,-8.642838373403421
109.61,27.92,41.0475,41.42424717731913,-0.37674717731913177
111.97,27.92,41.2706,45.07693662043617,-3.80633662043617
112.12,27.92,34.6872,46.063551210738375,-11.376351210738378
112.43,27.92,62.5373,43.95559791652839,18.581702083471612
112.59,27.92,35.4186,44.09920557383733,-8.680605573837333
112.96,27.92,46.2088,45.44399105445118,0.7648089455488147
113.52,27.92,46.598,44.824501709863895,1.7734982901361036
113.07,27.93,47.4499,46.227170165708536,1.2227298342914636
112.3,27.94,58.3822,45.51726264322028,12.86493735677972
113.0,27.94,48.4642,45.645029366146375,2.8191706338536235
113.25,27.94,48.328,46.01600428350758,2.311995716492426
109.6,27.95,46.4,40.483782986650574,5.916217013349424
110.77,27.95,43.2246,43.077081553548936,0.14751844645106615
110.84,27.95,40.5752,43.081862331352234,-2.5066623313522314
113.14,27.95,45.2479,46.53585850774158,-1.2879585077415783
113.18,27.95,44.8374,46.52908735155462,-1.69168735155462
113.66,27.95,45.1305,43.60837925275376,1.522120747246241
109.99,27.96,46.4037,44.225974415909846,2.1777255840901546
110.16,27.96,41.9866,44.306406253405605,-2.319806253405602
112.47,27.96,37.2305,45.04759168409238,-7.817091684092382
113.17,27.96,51.1032,46.030234564993165,5.072965435006836
110.29,27.97,50.6671,42.95725911691251,7.709840883087487
110.34,27.97,33.467,44.898293352905334,-11.431293352905335
112.32,27.97,52.8869,45.73556845641703,7.15133154358297
113.23,27.97,41.5262,46.408375850228445,-4.8821758502284425
109.35,27.98,37.9148,38.22378344733061,-0.3089834473306112
111.66,27.98,38.9546,44.83368917724624,-5.879089177246243
113.73,27.98,49.7413,42.59744298693486,7.143857013065144
109.51,27.99,44.5389,38.60774007075975,5.931159929240245
112.01,27.99,53.494,43.66517782464959,9.82882217535041
112.98,27.99,41.0769,45.94894257103398,-4.87204257103398
109.8,28.0,43.7074,43.505027077410574,0.20237292258942574
109.89,28.0,46.6781,44.05980476041082,2.6182952395891803
112.12,28.0,46.0939,44.56666635377434,1.5272336462256604
112.46,28.0,48.1607,43.80016230175957,4.360537698240428
113.19,28.0,48.9518,45.79404975779026,3.1577502422097368
113.43,28.0,47.2119,45.28253101176231,1.929368988237691
113.77,28.0,38.7254,43.57029737055011,-4.8448973705501075
110.0,28.01,47.544,44.11212722123656,3.4318727787634344
110.19,28.01,47.3,43.606071182723326,3.693928817276671
112.98,28.01,47.5992,45.44193852585615,2.1572614741438514
109.52,28.02,35.4992,39.463895019644454,-3.964695019644452
111.28,28.02,49.9449,45.053882301967235,4.891017698032762
112.5,28.02,41.931,43.822869302200885,-1.8918693022008881
110.44,28.03,42.2061,43.58684938035491,-1.3807493803549136
112.03,28.03,45.4368,44.17468205728103,1.262117942718966
112.26,28.03,56.188,44.219100138773186,11.968899861226816
112.38,28.03,35.6165,45.5415276131973,-9.925027613197301
112.79,28.03,43.1111,44.25293791364875,-1.1418379136487502
109.46,28.04,37.6343,38.19154390704471,-0.5572439070447075
111.09,28.04,51.0517,43.688413190114964,7.363286809885032
111.83,28.04,47.3999,43.319243713216586,4.080656286783416
112.99,28.04,50.1181,45.29023560030138,4.827864399698619
110.76,28.05,43.6032,43.35709246475179,0.24610753524821405
112.64,28.05,43.7602,43.495849591901106,0.2643504080988919
113.0,28.05,43.9596,45.73671218473365,-1.777112184733646
113.93,28.05,30.7969,43.27409756800387,-12.477197568003866
111.76,28.06,35.1539,44.984609106440026,-9.830709106440025
109.38,28.07,36.8285,37.665783530398976,-0.8372835303989774
110.09,28.07,38.2705,44.73422260858838,-6.463722608588384
112.92,28.07,48.9801,44.73627452271782,4.243825477282179
113.12,28.07,51.7866,45.10015228920108,6.686447710798923
113.56,28.07,39.1993,45.163824853876434,-5.9645248538764335
113.99,28.07,45.2522,40.97350235749642,4.27869764250358
109.75,28.08,31.1448,43.77974828594379,-12.63494828594379
111.37,28.08,47.9699,45.976764200346956,1.9931357996530465
112.99,28.08,46.2932,45.293652069261384,0.9995479307386148
113.47,28.08,53.9076,44.06332602074686,9.844273979253146
113.18,28.09,44.6801,45.007911820402455,-0.32781182040245227
113.87,28.09,45.1324,41.705651743074604,3.426748256925393
109.6,28.1,40.6708,40.12646279735012,0.5443372026498778
111.58,28.1,56.1195,44.89547826803836,11.224021731961642
111.94,28.1,39.8741,43.32672759617195,-3.4526275961719506
112.74,28.1,42.6799,43.925092024188125,-1.2451920241881211
112.86,28.1,45.7016,44.329903998891254,1.3716960011087451
109.89,28.11,39.1005,44.68362069992737,-5.58312069992737
112.79,28.11,40.6737,44.251461627431986,-3.5777616274319897
112.93,28.11,44.1343,44.833323008097054,-0.6990230080970505
113.03,28.11,47.4981,45.09288483256575,2.4052151674342497
112.23,28.12,33.8804,44.52605307438324,-10.64565307438324
112.98,28.12,44.9574,44.94421736524717,0.013182634752830324
109.73,28.13,43.7305,42.95613712752052,0.7743628724794789
109.89,28.13,43.0108,44.467956625383074,-1.457156625383071
112.03,28.13,46.5986,42.5025249020593,4.096075097940698
112.67,28.13,49.3951,43.078880554458344,6.316219445541655
112.9,28.13,41.7052,44.69471515971915,-2.9895151597191543
112.92,28.13,42.8979,44.722554083632936,-1.824654083632936
113.37,28.13,43.9198,44.322583134176,-0.40278313417599776
111.66,28.14,46.1828,45.74477253877637,0.43802746122363345
112.96,28.14,41.9772,44.924030572789256,-2.9468305727892528
112.99,28.14,37.1955,45.30575301226091,-8.110253012260905
109.38,28.15,30.7791,38.42061953064824,-7.641519530648239
109.73,28.16,49.1482,43.07129324213115,6.076906757868855
110.64,28.16,43.9226,43.34181695785871,0.5807830421412916
112.98,28.16,47.3021,44.67737655137715,2.624723448622852
113.63,28.16,52.0,43.225731655187886,8.774268344812114
109.61,28.17,35.3839,41.11063247061681,-5.72673247061681
109.95,28.17,46.7742,44.93880296306014,1.8353970369398596
110.21,28.17,39.6571,44.14848411227119,-4.4913841122711915
112.94,28.17,43.9675,44.77279721341521,-0.8052972134152085
113.1,28.17,44.4473,44.08969971286792,0.3576002871320796
113.13,28.17,47.6615,43.50582110782132,4.155678892178678
109.46,28.18,20.9577,39.67307586851995,-18.715375868519953
112.76,28.18,47.2245,43.58379310412898,3.64070689587102
113.85,28.18,39.6305,42.731034855017,-3.1005348550170027
110.11,28.19,46.2689,44.45140439197326,1.8174956080267393
111.96,28.19,23.118,43.99962467652428,-20.88162467652428
112.52,28.19,44.9255,42.46473157620866,2.460768423791336
112.94,28.19,50.5285,44.46358879834695,6.064911201653054
112.97,28.19,43.2074,44.863400438142435,-1.656000438142435
113.02,28.19,54.5825,44.230926166831345,10.351573833168658
113.52,28.19,44.1996,44.012568000209214,0.18703199979078278
109.83,28.2,37.0532,45.70848461490891,-8.655284614908915
109.98,28.2,40.6029,45.908026118372604,-5.3051261183726055
112.91,28.2,42.6452,44.611187395332166,-1.9659873953321636
112.92,28.2,47.1029,44.45706079735834,2.6458392026416604
113.0,28.2,42.0298,44.86184811775796,-2.8320481177579566
113.05,28.2,47.3506,44.128979814435134,3.2216201855648663
114.08,28.2,37.2884,42.172698194355334,-4.884298194355331
109.56,28.21,29.5795,40.58276671877054,-11.003266718770544
109.67,28.21,48.8953,42.74883729798738,6.14646270201262
109.7,28.21,44.5949,43.83682843622831,0.7580715637716935
109.81,28.21,49.1869,44.73775691193751,4.449143088062492
110.23,28.21,49.9173,42.80468289232651,7.112617107673486
112.73,28.21,45.7545,43.36571734052411,2.3887826594758934
112.96,28.21,43.0742,44.82998846851634,-1.755788468516343
113.03,28.21,47.0554,44.298856630404195,2.7565433695958035
113.06,28.21,43.8566,43.96744391215501,-0.11084391215501199
113.2,28.21,45.9,41.99755999330344,3.9024400066965583
110.09,28.22,45.1208,44.982493231104975,0.1383067688950277
112.11,28.22,53.9574,40.97110012050568,12.986299879494318
112.26,28.22,40.5528,42.37107675350752,-1.8182767535075257
112.8,28.22,48.4575,43.47293980707033,4.984560192929671
112.94,28.22,48.739,44.454971786185425,4.284028213814572
113.11,28.22,35.9561,43.38524454389402,-7.429144543894019
113.19,28.22,30.9842,43.11825034542038,-12.134050345420377
109.57,28.23,35.2609,40.7345160433444,-5.4736160433444
110.29,28.23,33.0011,44.1812897401382,-11.180189740138196
112.69,28.23,41.3067,43.26602633194909,-1.959326331949093
112.96,28.23,46.8875,44.54217354277154,2.3453264572284596
113.01,28.23,39.9415,44.593091265219286,-4.651591265219288
113.06,28.23,39.9073,43.83410666727788,-3.92680666727788
109.68,28.24,45.1,43.87335153585251,1.2266484641474946
110.02,28.24,51.269,45.19298397323572,6.076016026764279
112.72,28.24,41.4782,43.410797670885344,-1.9325976708853432
112.97,28.24,44.6913,44.55767173105715,0.13362826894285007
113.0,28.24,46.56,44.23532674738609,2.3246732526139127
113.01,28.24,46.9046,44.09630060214148,2.8082993978585193
110.83,28.25,41.5465,43.799290358758746,-2.2527903587587446
111.71,28.25,51.652,45.41044606653156,6.241553933468438
112.54,28.25,44.5,42.11884694975287,2.3811530502471285
113.08,28.25,43.0719,42.96647196615213,0.10542803384787192
109.64,28.26,47.88,42.82184495227005,5.058155047729954
109.92,28.26,54.7174,45.58717090480504,9.130229095194956
111.79,28.26,50.6107,44.160278530980776,6.450421469019226
112.96,28.26,52.089,43.96408897252286,8.12491102747714
112.98,28.26,44.2711,44.30299387757592,-0.03189387757592499
113.16,28.26,35.2821,42.17376163534089,-6.891661635340888
112.83,28.27,38.9866,43.62046940037949,-4.6338694003794885
114.09,28.27,44.1258,41.128671834996545,2.9971281650034527
109.68,28.28,46.4264,44.38853377634484,2.0378662236551577
109.79,28.28,48.086,45.87963158746649,2.2063684125335072
109.83,28.28,53.8792,45.6600138026778,8.219186197322195
112.55,28.28,38.2428,42.69639404118486,-4.453594041184857
112.68,28.28,35.3281,43.564551586229086,-8.236451586229087
112.85,28.28,33.1457,43.88696941854007,-10.741269418540071
112.91,28.28,40.9773,43.920241374895426,-2.942941374895426
112.97,28.28,42.3317,44.19444666020238,-1.862746660202383
113.91,28.28,39.9089,42.43519903372462,-2.5262990337246194
110.32,28.29,40.8696,43.21388107478786,-2.344281074787858
111.29,28.29,45.7198,46.4489480576077,-0.7291480576077021
112.23,28.29,46.0551,40.95365460858048,5.101445391419524
112.79,28.29,51.7118,42.84199967015668,8.869800329843315
112.85,28.29,45.3234,43.03585081237916,2.28754918762084
113.18,28.29,37.7706,41.629149034512125,-3.858549034512123
109.74,28.3,50.2106,45.46401742701091,4.746582572989091
112.14,28.3,37.0906,41.33927654945536,-4.248676549455361
112.92,28.3,41.7355,43.83914117796364,-2.103641177963638
113.43,28.3,42.5871,42.32457959513568,0.2625204048643184
109.68,28.31,49.1336,44.52328828464951,4.610311715350491
109.77,28.31,45.3583,46.18133377764428,-0.8230337776442767
112.49,28.31,26.2254,43.424346354543275,-17.198946354543274
112.89,28.31,42.5082,43.46716487716582,-0.958964877165819
112.91,28.31,39.8443,43.83703078254395,-3.9927307825439513
113.8,28.31,46.98,42.54056748381246,4.439432516187537
109.59,28.32,48.0309,42.62102985037957,5.409870149620431
109.65,28.32,35.2543,44.93430865536881,-9.680008655368809
109.82,28.32,40.4002,46.829106525451266,-6.428906525451268
111.29,28.32,39.9678,47.325813097187456,-7.3580130971874596
112.07,28.32,45.727,34.20750030456984,11.519499695430156
112.07,28.32,34.2075,45.72699972880901,-11.51949972880901
112.72,28.32,42.2949,43.35513523148584,-1.0602352314858408
112.87,28.32,41.5254,43.36356694269031,-1.8381669426903144
112.92,28.32,54.7855,42.98312024057123,11.802379759428767
113.31,28.32,40.742,41.68201072222834,-0.9400107222283438
110.52,28.33,47.6541,42.73985523638918,4.914244763610817
112.41,28.33,32.7372,42.641501624485485,-9.904301624485484
109.56,28.34,43.0958,42.95228167446993,0.14351832553006716
110.03,28.34,48.5964,45.706751625778665,2.8896483742213377
111.61,28.34,51.8405,46.540052891883285,5.300447108116714
112.93,28.34,40.2328,43.82005486717465,-3.58725486717465
113.2,28.34,36.8745,41.58432096945364,-4.709820969453645
109.76,28.35,47.5711,46.15745782212264,1.4136421778773638
109.95,28.35,49.3948,46.339291626750374,3.055508373249623
110.3,28.35,41.8202,43.42880341992367,-1.6086034199236678
111.1,28.35,44.998,45.80064552160138,-0.8026455216013844
111.5,28.35,49.7266,47.13365518207664,2.5929448179233603
112.45,28.35,50.3044,41.40090671616971,8.903493283830294
112.82,28.35,35.7828,43.735332871081816,-7.952532871081814
112.83,28.35,40.5956,43.34847453281598,-2.75287453281598
109.7,28.36,49.1906,45.38250501334151,3.808094986658496
112.78,28.36,41.1644,43.692777146197564,-2.5283771461975633
113.75,28.36,43.9884,43.14230987311716,0.8460901268828351
113.81,28.36,40.8933,43.13442598475023,-2.2411259847502265
109.85,28.37,43.1539,46.80530384207503,-3.6514038420750268
111.42,28.37,47.0322,47.49635871927567,-0.464158719275666
109.61,28.38,40.6944,44.71901693600424,-4.024616936004236
111.22,28.38,45.4,46.81175188954624,-1.4117518895462382
113.44,28.38,33.696,42.53477046954883,-8.838770469548834
111.5,28.39,45.4207,47.59270539055561,-2.1720053905556114
112.04,28.39,16.7011,42.0558167763541,-25.3547167763541
112.28,28.4,33.9831,41.30495879819525,-7.321858798195251
113.01,28.4,44.6362,43.04498682413308,1.591213175866919
113.12,28.4,38.5965,42.06438702691804,-3.467887026918042
111.84,28.41,47.7004,43.40199703799398,4.298402962006023
112.16,28.41,42.1129,39.48712268280087,2.6257773171991303
112.44,28.41,54.4745,41.583275881217396,12.891224118782603
112.78,28.41,51.1372,43.52578483164572,7.611415168354277
112.93,28.41,43.439,43.43681506256078,0.002184937439217549
112.99,28.41,46.8326,43.01006501570198,3.8225349842980165
113.01,28.41,47.0725,42.818335909688784,4.254164090311214
113.22,28.41,43.5382,41.130440581292795,2.407759418707208
113.92,28.41,43.4306,42.033270638181804,1.3973293618181941
114.2,28.41,47.9241,40.096341292764556,7.827758707235446
109.5,28.42,45.7811,43.880974087261734,1.9001259127382681
109.93,28.42,51.2179,46.00218061237265,5.215719387627352
110.79,28.42,34.382,44.54821620043511,-10.166216200435109
109.79,28.43,50.8016,46.197016990491925,4.604583009508076
112.16,28.43,36.5117,39.88116189698797,-3.3694618969879713
112.99,28.43,44.4765,43.002078684072046,1.4744213159279553
113.6,28.43,43.9323,42.820987150661956,1.1113128493380415
114.15,28.43,34.4912,42.71726073505844,-8.22606073505844
109.42,28.44,45.8959,43.52241551527226,2.37348448472774
111.28,28.44,49.7718,47.07721896708713,2.694581032912872
111.65,28.44,48.377,46.036407758255486,2.340592241744517
111.78,28.44,44.4602,44.62624219287111,-0.16604219287111022
111.99,28.44,49.6578,39.9584422439211,9.699357756078903
112.47,28.44,36.2416,43.60161183428142,-7.360011834281423
113.0,28.44,44.8849,42.747154603314755,2.137745396685247
113.66,28.44,46.3675,42.83234828418514,3.5351517158148624
109.79,28.45,46.6482,46.553415090948995,0.09478490905100756
109.83,28.45,43.4742,46.74141830226219,-3.2672183022621866
111.21,28.45,51.9172,46.36713357833617,5.5500664216638285
113.04,28.45,44.4958,42.28016571995659,2.2156342800434103
110.4,28.46,44.8,43.160988655434764,1.6390113445652332
111.39,28.46,56.8373,46.59796409270113,10.239335907298866
111.93,28.46,49.4989,41.402589497995635,8.096310502004364
112.79,28.46,51.9611,43.74194786063287,8.219152139367132
111.94,28.47,44.0315,41.70144400441082,2.330055995589184
113.01,28.47,29.6116,43.49247646112977,-13.88087646112977
113.33,28.47,46.0182,40.72935166702329,5.288848332976713
109.89,28.48,51.243,45.6527061661313,5.590293833868699
112.25,28.48,52.9776,38.75680434386487,14.220795656135131
112.52,28.48,55.8311,42.77116719975007,13.059932800249932
112.56,28.48,42.7509,44.45569768293872,-1.7047976829387181
112.59,28.48,56.6804,43.34462121628187,13.335778783718126
112.8,28.48,37.8859,45.00469958539525,-7.1187995853952515
113.38,28.48,39.669,41.235021065971296,-1.5660210659712988
113.72,28.48,46.1439,42.64062218616762,3.5032778138323835
111.49,28.49,45.8141,47.156793377404696,-1.342693377404693
111.85,28.49,41.1337,43.34864020664521,-2.2149402066452097
112.43,28.49,42.5491,42.145838118714394,0.4032618812856086
112.73,28.49,43.3752,44.819039841867024,-1.4438398418670246
113.11,28.49,44.731,41.821363174408226,2.9096368255917753
109.39,28.5,45.7964,44.13568901795176,1.6607109820482364
112.4,28.5,39.8172,41.73034518605405,-1.9131451860540523
109.47,28.51,54.021,44.377892200356115,9.643107799643886
112.49,28.51,46.4422,42.68697738819532,3.755222611804683
112.75,28.51,47.6154,44.44462733949962,3.1707726605003828
109.28,28.52,46.4075,42.57276919885309,3.834730801146911
109.59,28.52,43.3464,46.169032626526274,-2.8226326265262713
110.72,28.52,41.9445,43.59378223627502,-1.6492822362750204
112.14,28.52,40.3,33.78320000142916,6.516799998570839
112.14,28.52,33.7832,40.299999999729565,-6.516799999729564
110.22,28.53,42.5875,43.68329321752872,-1.0957932175287226
110.64,28.53,41.2951,43.6202290388864,-2.325129038886402
110.91,28.53,48.0986,44.152093563441184,3.9465064365588134
111.61,28.53,44.6198,46.0270537082972,-1.4072537082972048
112.26,28.53,30.8462,40.05773532439034,-9.211535324390344
113.01,28.53,40.1621,42.892540227038765,-2.7304402270387627
113.2,28.53,38.7746,42.28115643691704,-3.5065564369170374
113.36,28.53,35.6547,41.36330010519371,-5.70860010519371
113.37,28.53,41.6093,40.84184733825249,0.7674526617475053
109.46,28.54,44.5014,45.58877739780745,-1.087377397807451
109.76,28.54,52.5344,45.705329879358864,6.829070120641134
111.72,28.54,47.2068,44.44814906883518,2.758650931164823
112.05,28.54,40.5871,39.60803085783829,0.9790691421617126
112.43,28.54,53.4821,40.3873525682029,13.094747431797103
112.96,28.54,40.2097,43.529583529800526,-3.319883529800528
113.35,28.54,33.9499,41.57260640333479,-7.622706403334789
111.97,28.55,27.0998,41.967148606381734,-14.867348606381736
112.68,28.55,50.4395,43.95649556731729,6.483004432682712
113.08,28.55,35.0185,43.17052386158271,-8.152023861582705
113.2,28.55,45.4132,41.814708757572966,3.5984912424270377
113.45,28.55,41.8643,41.592287017967074,0.27201298203292623
111.83,28.56,42.0882,43.07834512595268,-0.9901451259526795
112.33,28.56,48.3017,39.11655152413661,9.185148475863386
113.6,28.56,42.4417,42.59575348800663,-0.15405348800663177
109.87,28.57,36.6344,46.01088762113059,-9.376487621130593
112.2,28.57,31.2223,38.953541165493036,-7.731241165493035
112.38,28.57,46.2,39.565652247559655,6.634347752440348
109.84,28.59,43.4917,45.42558801692675,-1.9338880169267512
112.29,28.59,45.9092,38.35009907411376,7.559100925886241
112.45,28.59,16.9436,42.370730410125425,-25.427130410125425
113.38,28.59,37.6656,41.77121134821732,-4.105611348217323
113.73,28.59,40.4778,42.467870823736796,-1.9900708237367937
113.84,28.59,38.2312,42.40111290282952,-4.169912902829516
112.0,28.6,46.6937,39.66310023984907,7.030599760150928
112.2,28.6,32.702,38.63133531591888,-5.929335315918884
112.37,28.6,36.7343,39.39829626197031,-2.6639962619703113
109.35,28.61,45.1688,44.04283542792954,1.1259645720704583
111.74,28.61,41.8768,44.23698036875954,-2.3601803687595364
112.12,28.61,42.4978,38.62027917179445,3.8775208282055473
112.35,28.61,23.5865,40.13737162870119,-16.550871628701188
109.95,28.62,43.3,44.227490344477175,-0.927490344477178
113.25,28.62,45.9001,42.21427948787235,3.6858205121276484
109.55,28.63,54.0713,45.07650556360617,8.994794436393832
112.32,28.63,40.8639,38.328224806215644,2.535675193784357
112.57,28.63,52.3763,40.834239311741044,11.542060688258957
112.59,28.63,32.0135,43.43545282034709,-11.421952820347087
112.81,28.63,52.8735,43.85911768146179,9.01438231853821
113.56,28.63,49.5583,41.60026097215373,7.958039027846276
113.28,28.64,41.7726,42.57695017210539,-0.8043501721053943
113.83,28.64,44.6648,41.29621338169257,3.3685866183074324
110.35,28.65,43.8412,43.033071423896544,0.8081285761034565
111.24,28.65,51.1046,45.68905950011889,5.415540499881111
111.32,28.65,50.2447,45.74242681860277,4.5022731813972285
111.99,28.67,37.5088,40.999137532845786,-3.4903375328457855
109.65,28.68,51.5166,45.07035758063914,6.446242419360857
109.83,28.69,49.6937,44.28677184649588,5.4069281535041185
110.53,28.69,42.7454,43.70801986983853,-0.9626198698385338
110.75,28.69,48.3276,43.71557460824278,4.612025391757214
112.14,28.69,39.4897,38.8425421911062,0.6471578088938017
112.24,28.69,26.9343,39.08621516307164,-12.151915163071642
113.04,28.69,49.4792,44.28909772947855,5.19010227052145
113.13,28.69,46.5404,43.981540833328914,2.558859166671084
113.94,28.7,47.701,40.131668009013495,7.569331990986505
111.55,28.71,44.7269,44.935366238832174,-0.2084662388321732
112.77,28.71,44.1503,44.017005432244794,0.13329456775520754
113.43,28.71,46.4091,41.92884451069907,4.48025548930093
113.57,28.71,41.0,41.97791885109455,-0.9779188510945502
111.77,28.72,43.9585,43.31182387759561,0.6466761224043935
112.7,28.73,46.789,42.32766778846348,4.461332211536522
112.93,28.73,45.5784,44.924986682136876,0.6534133178631265
109.81,28.74,50.065,43.79270289529288,6.272297104707121
109.96,28.74,42.2993,42.56786409756481,-0.2685640975648056
112.18,28.74,36.7077,39.04160001696664,-2.3339000169666377
111.33,28.75,37.1876,45.9870388622134,-8.7994388622134
113.24,28.75,41.9817,43.96165716004746,-1.9799571600474621
113.71,28.75,48.3248,40.19968618827629,8.125113811723715
109.85,28.76,44.93,43.453113089443654,1.4768869105563454
110.43,28.76,43.1835,43.24834383136357,-0.06484383136356797
111.23,28.76,42.9576,45.48471141310884,-2.527111413108841
112.35,28.76,40.2406,38.462223041799234,1.7783769582007665
112.99,28.76,40.5979,45.897668402035414,-5.299768402035411
112.45,28.77,44.4488,38.507530404431805,5.941269595568194
113.01,28.77,57.0685,44.28761504375048,12.780884956249523
109.79,28.78,48.61,43.161723936062586,5.4482760639374135
113.61,28.78,35.7425,41.6465184479206,-5.904018447920599
110.21,28.8,40.5854,42.1289906667669,-1.543590666766903
110.63,28.8,50.1757,43.24144165453392,6.934258345466077
112.58,28.8,21.2945,41.88167731212952,-20.58717731212952
113.07,28.8,44.1564,45.40152343417716,-1.2451234341771595
109.35,28.81,44.5294,42.36942208208069,2.1599779179193135
109.74,28.81,38.0087,43.652715040436675,-5.644015040436678
111.01,28.81,50.1818,44.08557943972437,6.096220560275633
114.05,28.81,41.0041,39.77535090451413,1.228749095485874
110.12,28.82,46.0028,40.835145700757835,5.167654299242166
112.39,28.83,29.1136,40.04950448727639,-10.935904487276385
113.16,28.83,52.9659,43.93294549778976,9.032954502210238
109.26,28.84,33.1842,43.09831529948077,-9.91411529948077
112.37,28.84,40.6,38.83032344531178,1.7696765546882247
113.61,28.84,37.6727,41.04510218857528,-3.372402188575279
110.2,28.85,40.1154,41.84356682881438,-1.7281668288143806
110.33,28.85,41.0258,42.75902208811444,-1.7332220881144451
111.65,28.85,53.1942,42.8513889709081,10.342811029091905
113.03,28.85,44.5307,45.38342076624865,-0.8527207662486447
113.94,28.85,46.2455,37.80409835416869,8.441401645831313
109.78,28.86,37.7201,42.463960501759594,-4.743860501759592
110.0,28.86,26.1601,41.96734571154059,-15.807245711540588
112.92,28.86,44.9272,44.95336386847576,-0.026163868475762797
113.11,28.86,42.2,45.392439608684,-3.1924396086839977
111.48,28.87,41.0116,44.14904585373364,-3.137445853733638
113.51,28.87,40.9041,41.79956719287259,-0.8954671928725872
109.7,28.89,39.1684,42.1990847261373,-3.030684726137302
110.85,28.89,40.548,43.8631276577876,-3.315127657787599
111.82,28.89,45.3562,42.79910778838119,2.5570922116188086
110.07,28.9,31.6811,41.22261871159159,-9.541518711591593
113.84,28.9,21.9903,39.27072046271036,-17.280420462710357
111.48,28.91,41.0,43.96322359280912,-2.963223592809122
111.74,28.91,39.925,43.58234229700532,-3.6573422970053215
113.6,28.91,37.9223,41.15407487019395,-3.231774870193952
109.45,28.92,48.0569,41.588744769779716,6.468155230220283
110.3,28.92,40.7544,42.59279841716568,-1.8383984171656849
111.96,28.92,40.0,43.14329300483013,-3.1432930048301273
113.78,28.92,33.6601,38.685862849921655,-5.025762849921655
110.21,28.93,44.2815,41.39896907402896,2.8825309259710394
110.44,28.93,46.6547,43.08698831582508,3.567711684174917
110.03,28.94,43.3723,39.838699839198256,3.533600160801747
110.97,28.94,41.2913,44.29815041510148,-3.006850415101482
112.58,28.94,29.4941,41.4556601227617,-11.9615601227617
113.74,28.94,45.8687,38.41395528190555,7.454744718094446
112.3,28.95,42.7809,40.712639544505535,2.0682604554944675
109.4,28.96,41.7627,41.71334551286903,0.04935448713096946
111.75,28.96,41.6318,43.18875254260801,-1.556952542608009
110.45,28.97,41.2471,43.801577979207806,-2.554477979207803
112.92,28.97,48.1769,44.3985160960252,3.778383903974806
113.82,28.97,20.8471,39.5328171536009,-18.6857171536009
113.92,28.97,23.9407,39.3309460731789,-15.3902460731789
110.67,28.98,43.3526,43.17328431204344,0.17931568795656005
109.67,28.99,34.3377,41.846839980567104,-7.509139980567106
110.81,28.99,35.6888,43.53019166670541,-7.841391666705412
111.8,28.99,43.946,43.068971457045606,0.8770285429543918
112.84,28.99,47.5951,43.38769491664707,4.207405083352931
112.97,29.0,50.9674,44.04318776985017,6.924212230149827
109.84,29.01,41.8,40.53523881470423,1.264761185295768
110.5,29.01,42.4675,43.84307233586368,-1.37557233586368
112.49,29.01,50.3211,40.08096300291417,10.240136997085834
113.44,29.01,46.5368,42.00720438580229,4.52959561419771
113.69,29.01,48.2034,39.58983595412934,8.61356404587066
110.14,29.02,37.8902,41.410848807441035,-3.5206488074410345
110.62,29.02,39.9013,43.67666745868484,-3.7753674586848405
110.72,29.02,43.2966,42.82438024936782,0.4722197506321777
111.57,29.02,45.0882,42.81495189341909,2.2732481065809083
112.01,29.02,49.0667,43.3576866614323,5.709013338567701
113.49,29.02,40.5741,42.32384084606946,-1.7497408460694572
110.29,29.03,42.708,42.707486838898134,0.0005131611018640569
111.73,29.03,44.1624,42.70731293818591,1.4550870618140905
109.35,29.04,41.6272,40.50757224895553,1.1196277510444688
111.62,29.04,36.0883,43.48803220979157,-7.399732209791573
112.3,29.04,45.1273,41.63535757461984,3.4919424253801594
110.82,29.05,42.0387,42.633829669117816,-0.5951296691178172
111.68,29.05,39.139,42.99137498098355,-3.852374980983548
112.0,29.05,51.5716,43.333885360594735,8.237714639405262
110.98,29.06,49.91,42.883848236315174,7.0261517636848225
112.44,29.07,41.6175,41.79288013890017,-0.17538013890017368
113.78,29.07,53.8446,37.713947720266994,16.130652279733006
109.98,29.08,41.9397,40.38770495466872,1.5519950453312816
110.48,29.08,40.5763,44.47810909290714,-3.9018090929071363
112.7,29.08,46.8874,41.1965595189698,5.6908404810302
110.34,29.09,44.0909,43.36893047615154,0.7219695238484576
109.71,29.1,41.4501,40.77405898943438,0.6760410105656192
109.96,29.1,37.3184,40.877001465142875,-3.5586014651428783
110.45,29.1,51.3615,43.724120288335946,7.637379711664053
110.52,29.11,44.494,44.12822234483793,0.36577765516206995
112.34,29.11,38.4089,42.68313613613864,-4.27423613613864
112.67,29.11,35.9265,42.20630060403124,-6.279800604031244
110.38,29.12,47.5263,43.53755157681421,3.9887484231857897
110.42,29.12,43.5,44.2259949201239,-0.7259949201239024
111.68,29.12,38.5,43.2800082558213,-4.780008255821301
112.56,29.12,44.9648,41.40525021953429,3.5595497804657086
110.19,29.13,38.9805,42.382195694825434,-3.4016956948254347
112.43,29.13,44.3506,41.99563300084051,2.354966999159487
113.02,29.13,43.9523,43.17050172282248,0.781798277177522
109.37,29.14,35.4298,40.61291417871167,-5.183114178711669
109.69,29.14,45.7069,40.293157448192495,5.413742551807502
110.01,29.14,43.3514,40.602077942753866,2.7493220572461325
110.49,29.14,54.5803,43.45769269263725,11.122607307362749
110.56,29.15,47.0285,43.51978761312722,3.50871238687278
112.12,29.15,43.6306,44.450994626029754,-0.8203946260297528
110.2,29.16,49.9924,41.493730732603375,8.498669267396629
110.31,29.16,42.9657,43.05018300217094,-0.08448300217094129
110.41,29.16,46.9651,43.58891307458117,3.3761869254188284
110.83,29.16,33.694,43.66604076352562,-9.97204076352562
109.62,29.18,43.3723,40.24490146742297,3.1273985325770326
109.89,29.18,40.1139,40.66273843435577,-0.5488384343557655
110.68,29.18,43.2205,43.16705508173904,0.05344491826095776
110.12,29.19,36.6877,42.06094481164208,-5.373244811642081
110.39,29.19,41.1921,43.53291260388241,-2.340812603882405
110.51,29.19,41.7783,43.831373453693786,-2.0530734536937842
111.63,29.19,39.696,43.936574790927025,-4.2405747909270275
112.36,29.19,29.9936,44.24212123257223,-14.24852123257223
112.63,29.19,36.0427,42.234126250475185,-6.191426250475182
113.11,29.19,39.0776,42.82935093424582,-3.7517509342458197
113.52,29.19,43.1336,41.080828425362526,2.0527715746374753
109.77,29.2,37.4468,40.91790018045886,-3.471100180458855
109.83,29.2,42.4942,40.44694731651653,2.047252683483471
109.96,29.2,38.5768,41.043868806235565,-2.4670688062355666
111.18,29.2,49.9636,43.77570817569188,6.187891824308117
111.98,29.21,43.2042,44.8226495781134,-1.618449578113399
112.7,29.22,33.5701,42.66544966413991,-9.095349664139917
110.44,29.23,44.3518,42.924194441551485,1.4276055584485121
110.62,29.23,40.1331,43.459688305988124,-3.3265883059881247
112.55,29.23,38.6338,42.963910332527924,-4.330110332527923
113.09,29.23,45.0468,41.52410447084771,3.522695529152287
113.39,29.23,50.7782,41.00723651679894,9.770963483201058
112.41,29.24,45.8421,43.37431443162442,2.4677855683755823
113.14,29.24,45.0457,41.418006056780726,3.6276939432192705
110.52,29.25,41.3199,43.02713961645331,-1.7072396164533146
109.73,29.26,39.7091,40.63354487800957,-0.9244448780095738
110.72,29.26,52.2142,42.24185070491411,9.972349295085891
111.54,29.26,52.2819,43.688603489688994,8.593296510311006
113.51,29.26,29.2709,42.28525009677164,-13.01435009677164
110.15,29.27,38.9779,42.44726004318323,-3.4693600431832294
110.26,29.27,47.1359,41.955855373211534,5.180044626788465
110.01,29.28,40.311,41.78279227296882,-1.4717922729688198
110.33,29.28,39.0239,42.424940697883294,-3.401040697883296
110.94,29.28,38.6674,43.71166774842188,-5.0442677484218805
112.15,29.28,51.9807,44.52112104875285,7.4595789512471455
112.34,29.28,43.8468,44.765718516499014,-0.9189185164990121
109.41,29.29,31.2635,40.59768768164199,-9.334187681641993
109.82,29.29,42.1535,40.666839923220714,1.4866600767792875
109.88,29.29,37.8902,41.11381653834967,-3.223616538349667
112.25,29.29,46.1018,45.41966390586772,0.6821360941322752
112.66,29.29,46.6074,42.100422176753,4.506977823246999
110.43,29.3,41.4539,42.007899255989074,-0.5539992559890763
112.53,29.3,46.799,43.310880603069975,3.488119396930024
113.1,29.3,39.0641,40.92852565239092,-1.8644256523909135
111.76,29.31,41.0158,44.54510888001843,-3.5293088800184336
112.27,29.31,56.3468,44.411564291362005,11.935235708637997
113.33,29.31,44.2905,41.06202154098423,3.2284784590157685
113.44,29.31,38.3541,41.29936010818597,-2.9452601081859697
109.81,29.33,42.949,40.698439522682605,2.250560477317393
109.91,29.33,35.2276,41.75596903328495,-6.528369033284946
109.98,29.33,43.7371,41.7154886549225,2.0216113450774955
109.49,29.34,34.2308,40.294211549501846,-6.0634115495018435
110.31,29.34,41.1309,41.79952952555197,-0.668629525551971
110.56,29.34,39.7379,42.625352716764574,-2.887452716764571
110.36,29.35,40.1741,41.514530525129615,-1.3404305251296122
111.71,29.35,41.1075,44.87173340555408,-3.76423340555408
112.41,29.35,35.475,46.32914714030527,-10.854147140305265
112.43,29.35,60.1432,43.623105458350466,16.520094541649534
110.08,29.36,49.8543,42.317682538333315,7.536617461666687
110.38,29.36,38.8508,41.480766192646236,-2.6299661926462363
110.53,29.36,43.6619,41.87055993870712,1.7913400612928854
112.5,29.36,43.3822,44.647900595918216,-1.2657005959182186
113.53,29.36,49.3172,39.736851723269176,9.580348276730824
110.58,29.37,44.6112,42.27576638168445,2.335433618315548
113.47,29.37,41.5641,40.49920223662476,1.0648977633752423
111.54,29.38,46.6307,45.190029002342875,1.4406709976571221
112.74,29.38,54.5498,41.36956337504538,13.180236624954617
113.09,29.38,35.3,39.88323463819886,-4.58323463819886
110.01,29.39,40.1741,42.99766119491245,-2.8235611949124504
110.16,29.39,44.2012,42.61210552435698,1.589094475643023
110.46,29.39,28.8884,42.169544976444406,-13.281144976444406
110.98,29.39,48.5848,42.66354026497321,5.921259735026794
113.63,29.39,38.7651,40.86314058835156,-2.098040588351566
110.16,29.4,41.8,42.86158296279919,-1.0615829627991928
110.7,29.4,41.8928,43.1126735181624,-1.2198735181624016
112.8,29.4,33.8504,43.196754335934166,-9.346354335934166
109.6,29.41,39.4102,40.11281646835317,-0.7026164683531633
109.92,29.41,41.5608,42.088736773251966,-0.527936773251966
110.44,29.41,39.8347,41.098573160675315,-1.2638731606753169
112.2,29.41,37.3,46.06038416027799,-8.760384160277994
113.31,29.41,44.5372,39.787143063158624,4.750056936841375
111.38,29.42,44.1954,45.73651639507721,-1.5411163950772107
111.97,29.42,48.8284,44.60831867462405,4.220081325375951
112.32,29.42,54.0255,44.88923884735201,9.13626115264799
112.64,29.42,40.6644,43.518529571048006,-2.8541295710480057
110.11,29.43,50.0966,42.696361216912074,7.400238783087929
110.3,29.43,42.1535,41.29814632786036,0.8553536721396426
110.62,29.43,45.4674,42.43644526198382,3.0309547380161774
111.09,29.43,37.1,44.533767014238144,-7.433767014238143
110.24,29.44,45.7027,41.32075787012111,4.381942129878887
113.17,29.44,39.3366,39.1405989576198,0.1960010423801961
113.31,29.44,41.4883,39.71291749535655,1.7753825046434528
110.93,29.45,40.6363,43.60442975853144,-2.9681297585314397
113.05,29.45,22.629,41.19119370045293,-18.562193700452926
113.36,29.45,37.8226,39.80371895036448,-1.9811189503644755
109.44,29.46,40.7,40.81480276545763,-0.11480276545762536
109.91,29.46,41.2025,42.383952381885194,-1.1814523818851939
110.48,29.46,41.0533,41.59748321300038,-0.5441832130003803
112.67,29.46,42.9853,43.03576191677187,-0.050461916771865845
113.22,29.46,31.4547,40.015592714840885,-8.560892714840886
109.82,29.47,41.2025,41.36348352131568,-0.1609835213156785
111.67,29.47,46.4265,45.360643512199104,1.0658564878008931
112.5,29.47,49.6906,44.31631325600873,5.37428674399127
109.41,29.48,46.9166,39.93699093305171,6.979609066948292
110.24,29.48,27.1893,42.67278419520325,-15.48348419520325
113.26,29.48,42.768,39.0719670486965,3.6960329513035006
113.45,29.48,36.9,39.68903246702814,-2.789032467028143
109.99,29.49,55.189,42.08876275398562,13.10023724601438
110.16,29.49,41.2025,42.67631904962894,-1.4738190496289363
110.36,29.49,41.2372,41.1700782549721,0.06712174502790447
110.55,29.49,43.6567,42.143728881796626,1.5129711182033745
112.41,29.49,50.7212,45.09397502266989,5.6272249773301155
112.78,29.49,49.4397,41.62585121484701,7.813848785152992
113.19,29.49,40.3089,39.00730209858463,1.30159790141537
110.76,29.5,42.2343,43.07309364205513,-0.8387936420551299
111.33,29.5,59.4015,43.3546695179235,16.0468304820765
109.45,29.51,48.316,39.793711782859965,8.522288217140037
110.29,29.51,40.28,41.253150991278126,-0.9731509912781249
111.8,29.51,48.3084,44.79686196841543,3.5115380315845712
113.62,29.51,39.5727,40.69758766179395,-1.1248876617939558
110.16,29.52,40.7508,42.6580907371121,-1.907290737112099
110.6,29.52,41.2471,42.68938686118292,-1.4422868611829145
112.47,29.52,43.9419,45.208641840164375,-1.2667418401643786
112.56,29.52,37.6,44.304949149972735,-6.704949149972734
113.31,29.52,36.7241,39.45146757519737,-2.72736757519737
110.1,29.53,52.5811,42.264455491649606,10.316644508350393
113.41,29.53,26.678,40.16696033993841,-13.488960339938412
109.81,29.54,43.3388,40.81780226406224,2.5209977359377618
112.56,29.54,40.3131,43.96097867128857,-3.6478786712885736
113.26,29.54,40.4165,39.22399264870291,1.1925073512970883
113.36,29.54,37.7499,39.2081556839673,-1.4582556839673018
109.86,29.55,50.378,40.692968467765404,9.685031532234596
110.39,29.55,40.4349,41.43979801219447,-1.0048980121944737
110.49,29.55,48.6928,41.32356132417236,7.3692386758276385
111.03,29.55,41.6407,43.7082904683387,-2.0675904683387003
111.66,29.55,55.0559,44.43804943571434,10.61785056428566
112.19,29.55,31.0443,46.28341844660155,-15.239118446601552
113.36,29.55,42.0096,38.81884032939515,3.190759670604848
111.62,29.56,46.832,45.448257394402745,1.3837426055972557
113.7,29.56,46.1958,40.040358843454854,6.155441156545145
109.7,29.57,33.1734,40.65358353639093,-7.480183536390932
112.51,29.57,45.4312,44.33723887606945,1.0939611239305478
109.59,29.58,37.7366,40.26169240210999,-2.5250924021099905
111.36,29.58,38.4,45.98039774096178,-7.580397740961779
112.1,29.58,48.865,43.817281639134734,5.047718360865268
110.01,29.59,40.4454,42.40106301745881,-1.9556630174588108
113.33,29.59,37.7825,39.558295608877465,-1.7757956088774662
112.46,29.6,52.6366,43.90287080629453,8.733729193705472
112.81,29.6,55.0421,40.57430588688676,14.467794113113236
110.47,29.61,41.2025,41.68591969508741,-0.4834196950874059
110.6,29.62,50.9687,41.09455021263011,9.874149787369888
110.36,29.63,43.4115,40.969178272315965,2.442321727684032
112.74,29.63,17.9899,45.90868698370585,-27.91878698370585
110.28,29.64,38.3132,41.662775930095165,-3.3495759300951633
110.96,29.64,51.0112,42.64222928252449,8.368970717475513
113.5,29.64,39.7601,40.180056307632775,-0.4199563076327735
109.86,29.65,39.4516,40.12893857354999,-0.6773385735499886
110.09,29.65,39.8758,42.0628310160353,-2.1870310160352986
113.62,29.65,39.6082,40.952620990067125,-1.3444209900671282
110.01,29.66,40.4454,41.100572940845446,-0.6551729408454463
113.35,29.66,40.3459,39.899260235644704,0.4466397643552966
109.83,29.67,33.2217,40.31853587878573,-7.096835878785733
111.73,29.67,38.1,45.46890157775185,-7.368901577751849
110.15,29.68,58.5431,39.98624141881098,18.556858581189026
111.14,29.68,33.0607,45.02723282910588,-11.96653282910588
111.66,29.68,34.3782,45.86096105892567,-11.482761058925668
109.92,29.7,41.0546,39.805545494619054,1.249054505380947
110.58,29.7,34.9998,41.94914176264472,-6.949341762644721
112.03,29.7,42.1854,45.17598577297502,-2.9905857729750167
110.19,29.71,41.0924,41.50582190665186,-0.4134219066518625
111.54,29.71,47.2042,44.56472639053248,2.6394736094675224
109.8,29.73,35.711,39.45951148393337,-3.7485114839333704
112.85,29.73,57.0077,40.41509110708816,16.59260889291184
110.02,29.74,34.3475,40.43601002842171,-6.088510028421716
113.44,29.74,44.6415,40.02562944661792,4.615870553382081
110.85,29.75,47.3296,42.17521110414819,5.15438889585181
110.07,29.77,30.7502,41.05517903961952,-10.304979039619518
111.53,29.77,44.4253,44.94882907352013,-0.5235290735201303
113.52,29.79,42.7871,40.50320943904375,2.2838905609562516
111.12,29.81,45.6031,43.561936597573386,2.041163402426612
111.59,29.82,46.074,44.709474120543256,1.3645258794567425
111.39,29.85,45.0675,44.31481245197743,0.7526875480225712
111.8,29.87,53.1996,43.93233360362091,9.267266396379085
110.54,29.88,37.2599,39.5490586675072,-2.289158667507195
111.02,29.89,51.4204,42.41934125049773,9.00105874950227
110.68,29.93,21.1932,42.45181579661392,-21.25861579661392
110.78,29.94,42.1469,40.13832173088174,2.00857826911826
111.07,29.98,43.3238,43.701833008342504,-0.37803300834250564
