id,Lat,Lon,VAP,RHU,PRS,PWV,dataset
1,24.74,111.49,22.1,100,969.5,43.2375,train
2,24.8,111.93,19.94,88,958,44.4996,train
3,24.81,111.54,20.35,95,964.8,45.2923,train
4,24.87,111.7,22.8,100,964.2,39.5659,train
5,24.87,111.82,21.07,99,945.1,37.134,test
6,24.88,111.51,21.3,94,974.8,40.8873,train
7,24.92,112.02,21.16,90,970.4,44.4158,train
8,24.93,111.53,22.94,100,976.1,42.8821,train
9,24.95,111.81,22,93,970.3,35.25,train
10,24.95,112.93,17.09,99,870.8,30.7909,test
11,24.98,111.73,9.76,41,971.3,15.4993,train
12,25,111.07,23.08,100,970.2,38.5322,train
13,25.03,111.68,22.06,95,968.3,36.7021,train
14,25.04,111.53,20.97,92,980.1,45.4621,train
15,25.05,111.58,20.46,92,974.1,48.1572,test
16,25.06,111.13,22.53,97,980.2,52.3479,train
17,25.1,111.18,21.03,90,977,46.6178,train
18,25.1,112.81,22.29,99,977.5,49.3117,train
19,25.12,111.04,21.85,89,981.6,43.5122,train
20,25.12,111.47,19.45,88,957.6,34.9056,test
21,25.13,111.37,22.1,100,963.5,43.2375,train
22,25.14,112.74,22.66,100,974.8,51.8915,train
23,25.17,111.34,19.83,87,969.6,41.1775,train
24,25.17,111.66,21.61,96,979.8,37.8204,train
25,25.17,112.63,21.1,92,969.7,27.0608,test
26,25.18,111.57,21.23,92,977.3,52.8903,train
27,25.18,111.9,18.16,95,910.8,37.84,train
28,25.19,112.85,22.66,100,984.3,48.6902,train
29,25.2,111.18,22.66,100,969.7,39.9923,train
30,25.23,111.9,16.5,100,883.9,28.8064,test
31,25.24,112.95,23,96,980.2,40.6619,train
32,25.25,112.26,18.55,94,939.3,46.2765,train
33,25.27,112.55,21,91,974.8,51.8,train
34,25.28,111.31,21.66,98,977.4,50.6321,train
35,25.29,111.51,21.52,95,981.5,45.4101,test
36,25.29,111.62,21.21,88,983.1,39.3987,train
37,25.29,111.81,19.84,95,937.7,43.8209,train
38,25.33,112.46,0,0,956.4,4.9191,train
39,25.34,112.31,21.82,100,969.2,56.7269,train
40,25.35,111.45,21.98,97,984.6,46.9608,test
41,25.35,111.95,22.37,100,972,59.6171,train
42,25.38,113.52,18.08,97,905.6,54.4439,train
43,25.39,111.31,19.98,91,974.5,45.3784,train
44,25.39,112.72,21.9,92,977.3,51.5912,train
45,25.4,111.57,23.23,100,987.1,43.5605,test
46,25.4,112.17,22.1,100,969,56.7816,train
47,25.4,113.61,20.05,96,932.2,40.7756,train
48,25.4,113.78,23.81,100,979.5,34.3983,train
49,25.41,112.94,21.25,86,982.6,55.4,train
50,25.44,113.49,19.83,98,939.6,35.604,test
51,25.45,112.43,20.81,99,956.2,31.5802,train
52,25.46,113.69,19.83,98,936.2,40.3289,train
53,25.47,111.8,22.42,93,983.1,42.0178,train
54,25.47,112.34,21.56,94,978.8,44.8982,train
55,25.47,112.61,19.61,100,939,33.145,test
56,25.47,113.12,21.39,98,967.4,43.2179,train
57,25.48,112.01,22.94,100,980.9,51.1334,train
58,25.49,111.39,20.6,98,967.7,47.1149,train
59,25.49,113.65,19.76,94,939.6,36.6662,train
60,25.51,111.65,21.66,91,987.1,45.2487,test
61,25.51,112.38,21.66,95,979.6,41.3816,train
62,25.51,112.65,18.64,100,929.9,44.2697,train
63,25.52,111.7,21.83,94,985.8,49.6649,train
64,25.52,112.46,21.23,92,975.3,41.679,train
65,25.52,112.76,16.29,100,878.8,36.5361,test
66,25.52,113.91,22.25,97,967.6,35.4451,train
67,25.53,111.6,22.14,93,986.2,52.6,train
68,25.53,112.8,16.18,100,875.1,36.8845,train
69,25.53,113.37,20.73,95,954,29.4227,train
70,25.55,111.7,22.48,98,986.4,50.4257,test
71,25.55,112.89,18.04,92,918.4,23.6373,train
72,25.56,113.69,20.24,100,935.5,53.2,train
73,25.57,112.72,20.77,94,968.3,45.5023,train
74,25.58,112.37,24.1,100,983.8,44.5623,train
75,25.58,112.4,20.81,93,972.5,44.0732,test
76,25.59,111.96,21.93,91,980.2,52.7,train
77,25.59,112.23,20.9,90,963.2,45.7582,train
78,25.59,113.63,20.09,95,937.7,39.4887,train
79,25.6,112.71,21.17,97,967.2,46.1321,train
80,25.61,113.04,21.15,100,968.1,45.9601,test
81,25.61,113.95,22.76,98,974.8,34.3865,train
82,25.62,111.61,21.32,89,986.2,41.9314,train
83,25.62,112.28,21.73,93,975.7,47.8523,train
84,25.62,112.93,19.84,95,953,46.9614,train
85,25.62,113.75,19.8,96,937.8,37.62,test
86,25.64,111.37,22.01,99,972,39.7387,train
87,25.64,112.34,22.28,93,984.8,41.4326,train
88,25.65,111.92,21.27,91,982.4,42.1268,train
89,25.65,112.65,22.8,100,970.4,54.3259,train
90,25.65,112.73,22.11,97,978.2,42.4651,test
91,25.66,112.13,22.24,100,962.7,59.924,train
92,25.66,112.84,20.46,92,971.5,48.1639,train
93,25.67,111.81,21.53,91,982.9,49.9654,train
94,25.67,112.99,23.37,100,982.3,48.5949,train
95,25.68,112.49,21.83,94,985.1,35.869,test
96,25.68,112.7,21.07,93,974.2,43.5878,train
97,25.68,113.15,18.4,100,917.3,42.3801,train
98,25.68,113.49,22.62,98,973.7,35.2557,train
99,25.69,112.45,23.42,99,982.5,50.5439,train
100,25.7,111.64,21.3,94,973.6,42.8852,test
101,25.71,112.5,22.3,96,988.3,46.5846,train
102,25.71,112.88,20.64,90,973.4,45.9376,train
103,25.71,113.72,21.63,92,971.9,33.4336,train
104,25.73,112.09,20.12,84,970.3,26.5264,train
105,25.73,113.4,21.16,90,974.7,47.5403,test
106,25.73,113.84,20.55,93,953.9,28.0963,train
107,25.74,112.4,21,85,985.2,52.4717,train
108,25.74,112.85,21.83,94,978,37.4044,train
109,25.74,112.98,20.91,97,966.4,46.1373,train
110,25.74,113.66,21.27,91,958.4,32.9838,test
111,25.75,112.44,21.93,91,980.6,46.8023,train
112,25.75,112.72,19.75,84,971,50.9,train
113,25.75,113.04,21.34,88,986.4,47.1287,train
114,25.75,113.06,23.23,100,981.4,54.8745,train
115,25.76,112.35,23.72,99,983.1,47.4698,test
116,25.76,112.65,20.87,91,977.6,39.4601,train
117,25.77,112.8,21.66,91,984.4,37,train
118,25.77,113.31,22.06,95,965.2,57.5801,train
119,25.78,111.44,19.16,82,967.9,33.1898,train
120,25.78,112.5,23.62,98,991.6,47.522,test
121,25.78,112.92,23.08,100,975.9,52.1365,train
122,25.78,113.06,21.63,92,985.9,50.1569,train
123,25.79,113.12,22.11,97,987.5,44.7337,train
124,25.81,112.12,21.12,95,951.8,48.4387,train
125,25.81,112.28,21.96,90,988.5,47.062,test
126,25.81,112.33,21.56,90,987.1,41.4949,train
127,25.81,113.04,21.77,92,985.8,50.1289,train
128,25.82,112.75,21.77,92,983.1,36.5133,train
129,25.82,113.1,23.51,100,985.7,55.1027,train
130,25.83,111.99,21.37,92,978.8,41.5373,test
131,25.84,113.17,22.94,100,988,50.2498,train
132,25.86,112.21,22.16,96,984.2,44.6287,train
133,25.87,111.72,19.61,100,939.7,58.7107,train
134,25.89,113.38,19.83,87,969.1,46.7052,train
135,25.91,112.21,23.91,98,982.7,51.1,test
136,25.91,113.13,22.76,91,993,54.0802,train
137,25.92,113.7,20.73,86,920.6,37.6542,train
138,25.93,111.73,23.08,100,988.9,51.8289,train
139,25.93,113.87,22.51,100,913,42.8302,train
140,25.94,111.95,21.03,90,970.8,46.4843,test
141,25.94,112.62,21.37,92,979.9,39.428,train
142,25.94,113.95,21.8,91,922.1,36.6642,train
143,25.96,111.65,23.37,100,984.8,50.9,train
144,25.96,111.87,20.86,95,964.3,40.8014,train
145,25.97,112.81,23.51,100,978.1,49.3823,test
146,25.97,113.05,21.91,86,989.6,56.9948,train
147,25.97,113.22,23.22,94,992,54.2,train
148,25.97,113.45,23.23,100,971.5,54.8745,train
149,25.98,111.86,21.16,94,966.8,40.2922,train
150,25.99,113.01,21.67,83,994.6,45.8602,test
151,26,113.59,21.66,95,968.1,32.5761,train
152,26.01,109.77,18.68,90,951.3,39.6916,train
153,26.02,112.86,21.36,87,985.1,39.4231,train
154,26.03,112.53,19.5,77,967.9,54.1711,train
155,26.04,112.74,19.04,79,955.9,36.531,test
156,26.04,112.92,22.47,84,993.3,41.1602,train
157,26.04,113.39,16.61,100,886.5,44.0303,train
158,26.05,112.8,23.66,100,976.2,49.172,train
159,26.06,110.15,21.28,100,946.5,33.6959,train
160,26.06,112.63,21.14,83,975.7,47.9376,test
161,26.06,113.28,23.43,96,991,57.0417,train
162,26.08,109.55,20.2,92,957.6,36.8992,train
163,26.08,109.81,21.42,100,961.3,42.7479,train
164,26.08,113.26,24.25,100,993.4,53.7077,train
165,26.08,113.94,18.42,75,914.5,36.1514,test
166,26.09,112.47,21.27,83,973.7,43.2412,train
167,26.1,110.28,19.36,100,919.3,35.1583,train
168,26.1,112.86,22.48,91,986.7,40.4886,train
169,26.1,113.54,19.73,100,937.6,49.2259,train
170,26.11,111.81,20.25,84,981.8,35.6562,test
171,26.12,111.91,14.44,94,843.8,34.1585,train
172,26.12,113.11,22.59,86,988.8,53.5,train
173,26.12,113.72,18.88,100,909.3,24.453,train
174,26.13,112.81,22.9,91,982.5,45.2797,train
175,26.14,111.71,23.08,100,974.4,57.992,test
176,26.14,112.38,16.48,89,900.4,38.7202,train
177,26.15,112.51,22.76,98,986.5,56.4501,train
178,26.15,113.03,21.8,81,995.4,43.2621,train
179,26.15,114.13,21.74,99,953.1,35.4352,train
180,26.16,109.78,19.57,88,963.5,49.1,test
181,26.16,112.68,21.51,86,998.8,42.2829,train
182,26.16,113.86,16.61,100,878.5,39.7079,train
183,26.17,110.12,12.69,81,833.8,27.984,train
184,26.17,113.34,22.76,91,988.4,63.4863,train
185,26.17,113.82,22.15,99,937.3,32.9959,test
186,26.17,114.18,22.24,100,958.6,33.3218,train
187,26.19,112.27,18.97,88,933.1,37.5078,train
188,26.2,109.52,20.73,95,968.7,46.0299,train
189,26.21,112.42,20.51,81,979.4,35.1552,train
190,26.21,113.2,21.63,87,986.4,41.2347,test
191,26.21,113.44,21.6,93,980.2,49.3693,train
192,26.22,111.36,24.1,100,993.6,48.3755,train
193,26.23,111.62,22.1,94,988.8,52,train
194,26.23,111.78,23.37,94,983.3,47.9471,train
195,26.23,113.77,22.66,100,959.2,32.8448,test
196,26.23,113.96,15.84,96,876.2,42.5738,train
197,26.24,110.37,19.73,100,944.7,34.7059,train
198,26.24,112.32,22.66,100,986.8,55.8938,train
199,26.24,112.46,21.53,84,989.3,49.8662,train
200,26.24,112.96,23.44,85,995.3,49.9044,test
201,26.24,113.89,20.11,100,921.3,36.6509,train
202,26.26,113.12,24.16,99,988.4,50.7629,train
203,26.27,112.37,22.33,80,994.4,51.2424,train
204,26.27,112.6,20.16,74,992.2,40.6513,train
205,26.27,113.36,21.49,87,985.1,39.3199,test
206,26.28,110.1,19.24,100,915.6,34.8363,train
207,26.29,109.94,19.88,94,959.2,38.582,train
208,26.29,110.78,21.96,100,970.1,40.0554,train
209,26.29,112.1,22.69,93,990.4,46.6734,train
210,26.29,112.92,21.4,84,986,37.8646,test
211,26.29,113.46,21.93,91,982.2,46.5956,train
212,26.3,110.42,20.11,100,940.1,36.3158,train
213,26.3,113.67,22.15,99,968.2,40.3248,train
214,26.31,112.27,22.03,87,986.3,41.1611,train
215,26.31,112.74,23.57,99,995.1,57.4019,test
216,26.31,113.22,22.45,92,986.9,41.7902,train
217,26.32,109.46,19.22,92,964.8,38.1542,train
218,26.33,109.34,19.8,96,955.2,46.2591,train
219,26.33,113.3,22.21,91,988.7,51.29,train
220,26.35,109.77,20.78,97,966.9,38.0506,test
221,26.35,110.24,20.05,96,959.4,38.7754,train
222,26.35,112.34,22.34,84,995.4,47.2805,train
223,26.35,113.98,19.61,100,843.8,40.8376,train
224,26.36,111.1,22.28,93,979,53.8633,train
225,26.36,112.63,23.04,95,999.1,41.7619,test
226,26.36,113.67,22.53,97,972.4,39.5258,train
227,26.37,109.66,20.86,98,966.1,37.9153,train
228,26.37,110.31,20.04,93,954.8,48.8,train
229,26.37,111.54,22.62,98,984.2,42.7488,train
230,26.37,111.87,24.86,97,994.3,49.0268,test
231,26.37,112.22,22.87,92,992.6,53.9867,train
232,26.37,112.32,22.4,89,997.4,51.1009,train
233,26.37,112.68,22.48,83,996,54.3536,train
234,26.37,113.79,23.66,100,974.5,44.1847,train
235,26.38,111.49,21.4,84,984,44.4233,test
236,26.39,112.76,21.72,89,995.3,43.1954,train
237,26.39,113.62,22.66,100,970.7,40.2705,train
238,26.39,113.64,22.86,96,984.1,47.7179,train
239,26.39,113.87,18.22,99,902.7,29.1492,train
240,26.4,111.29,21.63,87,988.9,49.7,test
241,26.4,112.28,21.93,91,995.9,51.1841,train
242,26.41,109.43,20.01,94,965,43.8833,train
243,26.41,112.39,21.14,83,994.9,52.3,train
244,26.42,111.6,22.33,85,996.7,49.2598,train
245,26.42,112.51,21.69,90,994.6,51.8067,test
246,26.43,110.05,21.3,97,958,40.0743,train
247,26.43,111.63,19.34,75,993.9,39.2669,train
248,26.43,112.07,24.31,96,997.7,53.4851,train
249,26.43,112.18,22.37,90,987,51.8522,train
250,26.43,112.83,21.87,88,992.7,52.6,test
251,26.43,114.02,16.74,97,865,28.8589,train
252,26.44,110.62,20.76,100,932.1,33.7964,train
253,26.44,110.85,22.24,100,969.3,49.7,train
254,26.44,112.38,23.45,82,996.7,58.2218,train
255,26.44,113.24,25.01,100,982.9,64.1184,test
256,26.45,109.9,19.83,92,961.1,42.5123,train
257,26.45,111.22,22.76,98,966.3,56.8387,train
258,26.45,112.36,22.04,86,996,45.9617,train
259,26.45,112.43,22.21,91,987.7,46.7791,train
260,26.46,111.89,23.12,93,996.4,56.4399,test
261,26.46,113.49,21.78,86,987.6,44.6835,train
262,26.47,112.14,20.13,83,986.7,34.8724,train
263,26.47,113.09,22.67,97,984,47.9113,train
264,26.48,112.64,21.89,87,995,46.3443,train
265,26.48,113.65,24.55,100,986.9,48.1446,test
266,26.48,113.76,24.4,100,983,38.6339,train
267,26.48,113.79,18.81,79,977.2,51.1,train
268,26.48,113.91,21.82,100,952.7,41.2685,train
269,26.49,111.78,22.8,100,991.4,46.7869,train
270,26.49,112.89,22.06,85,997.7,47.4926,test
271,26.5,111.45,21.13,79,992.1,38.9662,train
272,26.5,111.62,22.45,92,986.6,52.9886,train
273,26.5,112.27,23.33,98,996.7,45.4203,train
274,26.5,112.52,23.04,95,997.3,47.4955,train
275,26.5,112.85,24.49,91,995,59.3201,test
276,26.5,114.04,18.4,100,913.3,34.3412,train
277,26.51,109.53,20.01,97,958,46.9184,train
278,26.51,110.35,21.02,100,956.6,44.0992,train
279,26.51,112.04,21.87,88,988.3,49.7619,train
280,26.51,113.12,21.85,89,985.2,53.3872,test
281,26.51,113.8,20.21,87,975.1,42.1652,train
282,26.52,109.93,19.27,94,944.1,33.0317,train
283,26.52,110.42,20.86,98,953.2,39.8773,train
284,26.52,112.36,24.01,96,994.8,55.7646,train
285,26.53,112.11,22.34,98,995,46.7937,test
286,26.54,110.95,23.28,99,971.8,55.9957,train
287,26.54,112.46,22.83,93,996.1,53.1979,train
288,26.54,112.61,22.06,85,997.7,47.4926,train
289,26.54,114.04,19,100,921.9,41.4381,train
290,26.55,111.86,22.48,91,989.7,49.7451,test
291,26.55,113.28,22.83,93,989.1,49.8999,train
292,26.55,113.62,24.55,100,986.1,48.4281,train
293,26.55,113.93,22.94,100,975.5,46.0433,train
294,26.56,109.67,21.39,95,972.2,52.1,train
295,26.56,113.32,22.37,90,991.1,46.5374,test
296,26.57,110.28,21.39,95,967.6,35.8322,train
297,26.57,113.74,22.11,97,970.7,39.6234,train
298,26.58,109.9,21.69,100,961.3,35.5487,train
299,26.58,112.59,21.79,85,1000,42.4762,train
300,26.58,112.78,22.75,84,997.5,50.1472,test
301,26.59,110.14,20.77,94,965.3,48.9,train
302,26.59,111.86,20.87,78,995.2,44.8979,train
303,26.59,112.32,23.8,94,998.6,58.059,train
304,26.6,111.22,23.57,99,965.8,45.0422,train
305,26.6,112.95,23.73,92,996.2,49.2377,test
306,26.61,110.74,21.47,99,957.1,42.4082,train
307,26.61,112.09,22.56,88,997.6,47.4496,train
308,26.61,112.5,22.26,89,994.9,48.6734,train
309,26.61,112.57,22.45,86,998.3,44.3757,train
310,26.61,113.34,22.03,87,993.2,46.6351,test
311,26.61,113.38,21.02,81,993.5,44.0858,train
312,26.61,113.9,23.81,100,975.2,46.7332,train
313,26.62,110.47,17.12,77,963.8,28.8837,train
314,26.62,112.17,22.38,94,997.8,47.3913,train
315,26.62,112.9,22.71,87,995.6,46.597,test
316,26.63,110.58,21.28,100,955.8,44.3047,train
317,26.63,113.23,23.76,95,994.8,54.1743,train
318,26.64,111.5,21.26,79,988.3,47.1271,train
319,26.64,112.69,24.35,95,995.3,58.3832,train
320,26.64,113.5,24.55,100,986.7,59.9736,test
321,26.65,109.38,19.19,96,940,37.2959,train
322,26.65,110.44,21.42,100,955,41.5273,train
323,26.66,113.41,23.61,91,991.2,49.943,train
324,26.67,109.34,18.77,91,937.6,35.7158,train
325,26.67,109.65,21.26,95,969.2,49.1298,test
326,26.67,109.94,20.39,94,962.7,37.7497,train
327,26.67,111.57,24.1,100,990.2,39.616,train
328,26.67,112.86,22.59,79,1000.7,49.8501,train
329,26.67,113.58,19.38,77,994,26.6204,train
330,26.67,113.82,20.61,85,984.3,39.9548,test
331,26.68,110.92,23.08,100,956,50.45,train
332,26.68,113.66,23.8,94,994.1,46.0352,train
333,26.69,112.4,23.58,92,997.1,52.5035,train
334,26.69,112.63,21.64,86,996.5,51.644,train
335,26.69,113.02,23.58,92,996.4,52.0831,test
336,26.69,113.26,21.87,88,997.5,52.6583,train
337,26.7,109.45,20.39,97,964.3,43.6327,train
338,26.7,111.4,20.51,80,980.8,32.1579,train
339,26.7,112.11,22.01,88,993,44.1711,train
340,26.7,112.17,22.26,89,994.2,44.0233,test
341,26.7,112.44,24.4,100,996.4,48.7123,train
342,26.71,109.73,21.7,94,975.6,38.0455,train
343,26.71,113.26,24.1,100,986,56.3,train
344,26.72,109.59,20.73,95,973.5,53.3435,train
345,26.72,110.31,19.83,92,956.2,35.1789,test
346,26.72,111.75,23.66,100,994.6,49.773,train
347,26.72,112.03,22.95,89,994.3,50.791,train
348,26.72,112.88,21.41,83,996.8,48.3481,train
349,26.72,113.44,23.37,100,965.7,55.7863,train
350,26.73,112.31,23.66,94,995,55.3347,test
351,26.74,110.64,19.73,86,969.9,46.4,train
352,26.74,111.96,22.23,90,991.1,48.6686,train
353,26.74,113,22.51,90,994.7,52.8238,train
354,26.74,113.51,25.17,100,991.1,54.4285,train
355,26.75,110.07,20.68,93,973.9,48.6979,test
356,26.75,111.54,23.99,87,979.9,48.6308,train
357,26.75,112.59,22.06,85,1001.1,50.3645,train
358,26.75,112.77,22.61,84,998.1,43.8689,train
359,26.75,112.79,22.85,87,996,51.7286,train
360,26.75,113.57,25.17,100,992.1,58.6657,test
361,26.76,111.87,22.62,91,994.1,43.7549,train
362,26.76,112.08,22.38,94,983.3,48.9,train
363,26.76,112.69,22.97,88,992.2,52.248,train
364,26.76,113.59,23.44,92,995.5,50.7138,train
365,26.76,113.81,20.5,100,938.8,40.1936,test
366,26.77,110.74,21.42,100,964.4,38.9215,train
367,26.77,111.04,21.1,92,977.5,42.0032,train
368,26.78,109.86,21.56,94,970.3,51.0259,train
369,26.78,110.42,12.8,59,954.8,18.909,train
370,26.78,111.93,21.93,91,990,49.778,test
371,26.78,113.75,23.04,95,986.1,46.3628,train
372,26.79,110.18,19.57,88,959.6,33.9103,train
373,26.79,112.56,22.9,91,998,50.0009,train
374,26.79,112.87,24.28,93,997.5,50.4052,train
375,26.79,113.13,22.56,88,993.9,53.2743,test
376,26.79,113.21,23.58,92,996.1,55.18,train
377,26.79,113.54,22.16,87,992.1,40.7357,train
378,26.8,111.72,23.29,92,989.2,50.2231,train
379,26.8,113.28,23.01,92,995.9,50.291,train
380,26.81,110.34,21.74,99,956.4,40.2222,test
381,26.82,111.46,20.01,82,967.2,31.6288,train
382,26.82,111.76,21.14,83,992.7,47.2075,train
383,26.82,112.02,21.56,90,983.4,49.2064,train
384,26.82,113.43,24.25,100,989.2,57.9,train
385,26.82,113.53,25.48,100,994.6,40.3694,test
386,26.83,110.08,17.34,77,975.6,40.139,train
387,26.83,110.52,21.69,100,966.5,35.0663,train
388,26.83,112.64,21.91,86,1000,35.634,train
389,26.84,111.84,21.63,87,992.4,45.8141,train
390,26.84,112.37,22.19,85,997.1,48.983,test
391,26.84,113.82,21.82,100,948.5,41.2685,train
392,26.85,111.68,20.01,73,989.9,31.3737,train
393,26.85,112.46,22.28,88,999.1,40.339,train
394,26.85,112.51,22.16,87,998.8,43.1472,train
395,26.85,113.56,23.9,91,992.6,44.6582,test
396,26.85,113.74,22.34,91,987.6,45.3033,train
397,26.86,112.17,21.25,86,984.4,45.684,train
398,26.88,109.72,20.54,89,976.8,51.3,train
399,26.88,112.71,22.18,86,1000.5,54.8352,train
400,26.88,112.77,22.69,93,996.5,48.9729,test
401,26.89,110.94,21.2,99,971.7,33.8323,train
402,26.89,112.6,20.35,77,996.3,38.7712,train
403,26.89,113.02,20.13,82,985.6,45.9376,train
404,26.9,110.24,19.54,99,926.2,31.4923,train
405,26.9,111.65,20.69,88,984.8,44.8105,test
406,26.9,112.94,21.8,91,993.7,52.7613,train
407,26.9,113.18,21.01,80,998.2,38.8151,train
408,26.9,113.87,12.61,52,975.5,23.2359,train
409,26.91,110.41,21.12,98,962.5,35.7473,train
410,26.91,113.66,25.17,100,992,48.3454,test
411,26.92,111.89,20.94,93,983.6,51.0675,train
412,26.92,111.96,21.33,93,979.5,50.8259,train
413,26.92,112.22,23.85,87,993.8,47.3072,train
414,26.93,110.33,13.12,64,952.1,21.3805,train
415,26.93,111.69,20.26,82,989.7,34.2225,test
416,26.93,112.1,22.8,94,990.6,43.926,train
417,26.93,112.49,21.91,86,997.2,50.7984,train
418,26.93,113.59,21.63,87,985.8,35.6757,train
419,26.93,113.87,24.71,100,984,42.3524,train
420,26.94,110.67,22.37,100,973,42.1434,test
421,26.94,110.79,22.37,100,974.6,46.1463,train
422,26.94,111.84,20.73,86,986.9,45.8748,train
423,26.94,112.82,23.69,93,1000.4,57.5505,train
424,26.94,113.33,24.81,98,996.3,57.2631,train
425,26.94,113.55,19.97,86,974.1,31.7438,test
426,26.95,112.71,22.33,80,1001.6,49.8372,train
427,26.95,113.16,24.16,96,999,49.8595,train
428,26.95,113.42,24.55,100,996,39.0055,train
429,26.96,110.03,24.55,100,983.5,50.0251,train
430,26.96,112.57,21.14,83,1001.3,50.7662,test
431,26.97,109.74,21.16,94,971,39.1858,train
432,26.97,112.37,21.8,84,997.8,44.2491,train
433,26.98,109.77,22.43,96,971.3,43.2446,train
434,26.98,111.14,21.66,98,973.6,48.4307,train
435,26.98,111.76,20.46,87,984.9,48.6896,test
436,26.98,112.5,21.41,83,1000.7,46.0394,train
437,26.98,112.59,21.66,84,994.5,51.5,train
438,26.98,112.81,23.26,88,997.9,57.229,train
439,26.98,113.12,20.78,74,998.3,42.5641,train
440,26.98,113.3,25.9,98,999,54.8129,test
441,26.98,113.8,25.22,99,988.3,54.1965,train
442,27,111.29,21.79,98,968.1,49.5,train
443,27,112.3,22.23,90,996.7,42.6421,train
444,27.01,109.84,21.61,96,964.6,52.9403,train
445,27.01,110.73,22.01,99,973.6,38.6388,test
446,27.01,113.78,21.93,91,981.1,32.3045,train
447,27.02,110.82,22.57,99,977.8,41.8122,train
448,27.02,111.67,21.82,100,956.6,35.4623,train
449,27.02,112.46,21.74,88,997.7,49.7327,train
450,27.03,110.61,21.96,100,969.8,46.5,test
451,27.03,113.66,22.24,100,961,46.7229,train
452,27.04,111.58,22.24,100,969.7,49.727,train
453,27.04,112.17,24.55,100,991.1,40.1874,train
454,27.05,112.55,21.78,86,995.8,46.9743,train
455,27.05,112.98,23.79,90,995.4,51.9,test
456,27.06,113.04,22.21,82,1000.2,42.5437,train
457,27.06,113.35,24.66,98,994.6,50.1,train
458,27.06,113.55,20.73,95,959.3,44.102,train
459,27.07,110.35,20.39,97,954.2,37.468,train
460,27.07,111.79,22.66,100,976.3,38.6544,test
461,27.07,112.41,22.51,90,996.9,56.8281,train
462,27.07,112.84,25.69,99,1000.2,51.7316,train
463,27.08,112.67,21.47,88,996.5,51.8948,train
464,27.09,113.3,25.63,100,998.7,51.5154,train
465,27.1,108.96,21.96,100,953.1,49.601,test
466,27.1,111.7,21.74,99,961.4,35.0454,train
467,27.1,112.09,20.24,85,985.1,46.4528,train
468,27.1,112.75,25.95,100,999,53.5069,train
469,27.1,113.14,20.1,77,994.2,46.2929,train
470,27.11,111.03,20.04,89,973.3,44.6,test
471,27.12,109.62,23.86,99,979.8,42.4516,train
472,27.12,109.7,22.71,99,985.5,42.4591,train
473,27.12,109.98,20.47,98,947.5,39.7542,train
474,27.12,112.59,21.56,94,989.1,50.919,train
475,27.12,113.53,22.42,93,989.8,39.9123,test
476,27.13,111.94,22.99,99,988.6,42.9394,train
477,27.13,112.69,21.77,92,991,55.6511,train
478,27.13,113.67,22.37,100,978,48.9557,train
479,27.14,109.97,21.77,92,986.4,42.4056,train
480,27.14,113.23,21.8,83,995.1,48.9867,test
481,27.15,110.73,22.1,100,972.8,32.1231,train
482,27.15,112.29,22.01,88,996.9,43.169,train
483,27.15,112.42,22.83,93,999.2,54.3879,train
484,27.15,112.8,23.18,95,997.4,56.0125,train
485,27.15,113.37,22.95,89,997.2,44.1526,test
486,27.15,113.53,22.2,95,990.7,32.7296,train
487,27.15,113.66,23.08,100,983.8,45.5441,train
488,27.16,113.31,22.06,85,991.8,38.201,train
489,27.17,111.9,22.86,96,979.6,49.8279,train
490,27.18,109.13,20.3,93,960.8,33.4128,test
491,27.18,111.45,21.12,95,973.3,46.8137,train
492,27.18,113.15,20.64,81,993.3,44.2014,train
493,27.19,110.17,21.55,100,973,41.5797,train
494,27.19,110.4,22.24,100,952.1,47.9277,train
495,27.19,111.58,23.08,100,981.1,41.8668,test
496,27.19,112.23,27.25,100,994.2,57.6529,train
497,27.2,112.49,24.25,100,998.2,57.0274,train
498,27.2,113.19,22.89,82,994.2,38.4571,train
499,27.21,109.84,20.74,91,980.4,40.3878,train
500,27.21,111.45,22.94,100,978.7,45.2955,test
501,27.21,111.58,22.76,98,981.9,39.9505,train
502,27.21,112.87,23.67,97,999.2,53.8219,train
503,27.21,113.58,22.86,96,984.3,49.6588,train
504,27.22,110.67,21.88,99,969.4,48.9697,train
505,27.22,112.31,21.06,89,987.2,52.311,test
506,27.22,112.75,22.07,91,998.9,51.7673,train
507,27.22,113.03,22.55,93,997.7,53.3868,train
508,27.22,113.11,22.62,95,992.8,55.8764,train
509,27.22,113.73,21.88,99,975.1,42.9128,train
510,27.22,113.8,21.28,100,959.7,40.9079,test
511,27.23,109.29,20.21,98,955.2,33.4177,train
512,27.23,109.73,21.88,96,977,46.35,train
513,27.23,113.3,23.73,92,989,53.5809,train
514,27.23,113.43,21.65,85,995.3,47.3145,train
515,27.24,111.37,17.68,79,980.3,29.1095,test
516,27.24,111.74,22.37,100,974,46.1,train
517,27.24,112.84,20.33,87,968.9,45.8483,train
518,27.25,112.36,21.83,94,993.2,44.1086,train
519,27.25,113.22,19.51,94,949.1,27.6026,train
520,27.26,111.15,21.82,100,971.5,38.1141,test
521,27.26,112.84,22.73,92,990,57.4765,train
522,27.26,113.7,23.37,100,986.3,45.1549,train
523,27.28,112.94,22.51,90,1000.7,53.4137,train
524,27.28,113.57,23.12,93,995.1,50.8569,train
525,27.29,112.09,21.36,87,995,51.1404,test
526,27.3,112.69,14.77,100,869.8,44.7796,train
527,27.31,109.48,20.26,97,957.2,36.9729,train
528,27.31,112.89,22.83,93,1001.8,51.9303,train
529,27.31,113.08,23.86,99,998.4,55.8048,train
530,27.31,113.62,23.91,98,988.9,49.7675,test
531,27.32,109.06,18.01,81,971,37.0313,train
532,27.32,110.16,21.3,97,982.8,45.2877,train
533,27.32,110.41,13.81,80,857.1,31.5517,train
534,27.32,112.6,18.69,83,994.8,37.1682,train
535,27.32,113.28,24.25,100,985.3,46.4055,test
536,27.33,111.87,22.62,98,977.1,48.4109,train
537,27.33,112.1,21.76,87,995.8,49.2754,train
538,27.33,112.66,22.48,98,992.8,59.0709,train
539,27.33,113.4,21.74,88,995.1,46.2034,train
540,27.34,109.91,22.15,99,982.3,49.1486,test
541,27.34,111.45,21.55,100,975,43.4,train
542,27.34,113.51,23.26,93,997.2,40.354,train
543,27.35,109.84,22.24,100,970.5,48.8425,train
544,27.35,112.59,22.57,99,995.6,52.7085,train
545,27.36,111.09,21.07,99,970.4,31.8938,test
546,27.36,112.78,23.57,96,999.3,53.628,train
547,27.36,113.16,22.1,94,995.9,53.1838,train
548,27.37,109.16,20.71,92,969.5,47.6,train
549,27.37,110.94,20.52,97,973.1,30.348,train
550,27.37,111.67,20.99,98,974.5,31.7516,test
551,27.37,112.52,23.72,99,996.7,53.4207,train
552,27.37,112.82,24.4,100,999.1,57.7053,train
553,27.37,113.21,22.1,94,995.8,53.3688,train
554,27.38,112.03,22.24,94,994.6,54.3887,train
555,27.38,112.23,21.43,94,991.9,47.6443,test
556,27.38,112.57,21.88,96,993.7,49.1119,train
557,27.38,112.99,21.47,88,1003,45.5476,train
558,27.4,109.25,21.15,100,956.8,44.2215,train
559,27.4,110.51,20.24,100,951.6,35.4709,train
560,27.4,111.27,22.51,100,974.8,56.4702,test
561,27.4,111.99,21.06,89,994.1,48.9631,train
562,27.4,112.43,21.84,97,992.7,40.7899,train
563,27.4,113.45,23.77,98,997.2,52.6607,train
564,27.41,109.81,21.17,97,967.7,45.4281,train
565,27.41,112.64,22.39,97,997.4,57.1641,test
566,27.41,113.34,23.47,95,985.4,50.7396,train
567,27.42,110.61,19.99,100,948.5,35.5719,train
568,27.42,113.09,22.66,94,1002.1,55.9185,train
569,27.43,109.36,21.34,99,971.8,43.5935,train
570,27.43,112.11,22.81,97,996.2,47.1496,test
571,27.43,113.04,22.62,91,1003.1,50.1757,train
572,27.44,111.43,20.17,93,977.1,39.647,train
573,27.44,111.97,21.19,89,992.4,45.8314,train
574,27.44,112.14,21.96,90,997.6,32.6019,train
575,27.44,113.16,22.52,94,999.2,53.7436,test
576,27.45,109.68,21.26,95,978.5,43.0104,train
577,27.45,109.76,22.1,100,979.3,54.8114,train
578,27.45,111.18,21.43,97,972.6,49.8885,train
579,27.45,112.17,21.56,94,990.9,50.3,train
580,27.46,109.95,20.97,92,981.9,46.04,test
581,27.46,113.39,22.94,94,994.2,54.4953,train
582,27.47,111.73,20.37,100,930.2,35.1539,train
583,27.47,112.43,21.7,94,993,44.1488,train
584,27.47,112.73,22.07,91,997.4,49.7879,train
585,27.47,113.53,24.65,95,999.3,50.0842,test
586,27.48,112.19,21.58,89,999.1,45.2791,train
587,27.49,111.93,12.93,56,970.3,20.5054,train
588,27.49,112.27,22.94,100,991.5,43.796,train
589,27.49,113.23,24.1,100,999.4,63.1423,train
590,27.49,113.6,26.11,100,998.6,46.1143,test
591,27.5,112.83,22.06,95,995.5,47.1902,train
592,27.5,113.01,21.49,87,999,43.5661,train
593,27.51,109.45,21.02,100,967.8,45.1626,train
594,27.51,111.57,18.78,85,969.4,39.8043,train
595,27.51,113.49,23.24,89,998.9,36.9184,test
596,27.52,110.18,21.08,96,982.9,43.7433,train
597,27.52,111.76,19.36,100,930.3,46.0593,train
598,27.52,112.1,21.77,92,996.7,48.6434,train
599,27.53,110.35,20.43,96,978,42.9679,train
600,27.53,110.77,14.17,78,861.9,32.9722,test
601,27.53,112.23,21.83,90,1000.3,42.7237,train
602,27.53,112.34,21.37,92,992.5,46.9517,train
603,27.53,112.51,22.48,98,997.4,56.4808,train
604,27.53,113,21.49,87,994.2,46.1953,train
605,27.53,113.14,22.34,91,1002.8,46.1561,test
606,27.53,113.28,24.1,100,997,43.4915,train
607,27.55,111.68,20.21,87,986.1,48.1747,train
608,27.55,113.16,21.49,87,1002.5,44.6874,train
609,27.56,112.01,21.61,88,996.5,47.732,train
610,27.56,112.92,20.89,82,1000.2,44.3916,test
611,27.57,111.37,21.96,100,974.3,52.8243,train
612,27.57,113.36,25.17,100,999,46.9573,train
613,27.58,111.02,19.18,93,947.8,41.5322,train
614,27.58,111.81,20.58,87,988.7,43.3088,train
615,27.58,112.09,21.83,94,994.2,43.3256,test
616,27.58,112.65,23.04,98,997.7,54.9007,train
617,27.59,110.28,21.23,92,989.2,48.5748,train
618,27.59,110.96,18.04,88,938.5,36.5488,train
619,27.59,111.77,19.86,85,982.5,42.9607,train
620,27.59,111.9,21.29,90,989.7,47.7761,test
621,27.59,113.49,23.61,91,999.6,45.3479,train
622,27.59,113.59,25.48,100,997.2,46.842,train
623,27.6,111.48,21.16,94,986.2,42.7863,train
624,27.6,112.35,21.19,89,994.1,55.5432,train
625,27.61,110.03,22.1,100,976.5,43.4457,test
626,27.61,110.1,20.49,91,981.4,41.8015,train
627,27.61,113.1,21.78,86,1003.2,41.693,train
628,27.61,113.14,24.26,97,1000,55.743,train
629,27.62,111.1,20.35,95,977.4,40.8575,train
630,27.62,111.62,22.15,99,981.8,48.2726,test
631,27.62,112.71,23.53,97,999.9,52.1252,train
632,27.63,110.6,21.04,97,978.5,43.9154,train
633,27.63,111.69,21.33,93,983.2,49.0139,train
634,27.63,111.93,21.12,86,993,48.2062,train
635,27.63,112.24,23.24,97,999.9,44.8899,test
636,27.63,112.25,5.57,24,1000.4,10.0193,train
637,27.63,112.38,21.63,92,998.6,46.4458,train
638,27.63,113.24,24.36,98,1001.4,53.0048,train
639,27.64,110.32,21.43,97,987.6,36.2038,train
640,27.64,112.34,21.69,90,999.1,49.3983,test
641,27.64,112.58,19.15,84,978.2,40.8236,train
642,27.64,112.63,21.08,88,995.6,41.8459,train
643,27.64,113.37,17.8,69,1001.8,29.6809,train
644,27.64,113.51,20.76,81,999.6,52.2,train
645,27.65,111.56,19.59,87,970.7,41.239,test
646,27.65,112,25.81,75,991.7,46.5413,train
647,27.66,111.77,21.9,92,989.6,46.2455,train
648,27.66,111.83,22.07,91,985.6,42.5419,train
649,27.66,112.45,21.72,89,1000.9,47.1102,train
650,27.66,113.16,21.99,89,1000.6,52.746,test
651,27.67,109.71,21.42,100,976.7,46.1165,train
652,27.67,109.85,21.61,99,983.2,47.1333,train
653,27.67,110.16,22.1,100,969.8,45.4763,train
654,27.67,113.02,20.26,82,999.6,34.4745,train
655,27.68,113.07,21.52,85,1002.4,42.4227,test
656,27.68,113.18,22.04,86,1003.8,48.545,train
657,27.68,113.46,22.16,87,999.6,47.759,train
658,27.69,110.68,17.94,87,950.4,34.7408,train
659,27.69,111.28,20.77,90,982.2,43.1319,train
660,27.69,112,20.47,86,984.9,44.5,test
661,27.69,112.11,22.34,95,996.9,45.4548,train
662,27.69,112.21,20.75,84,997.4,47.4823,train
663,27.7,109.6,20.99,98,978.1,46.7858,train
664,27.7,111.44,22.43,96,979.9,48.2124,train
665,27.7,111.7,19.97,86,979.9,46.2,test
666,27.7,112.97,22.94,94,997.6,53.9346,train
667,27.71,112.6,22.1,94,993.4,50.8714,train
668,27.71,113.37,23.01,92,998,42.8857,train
669,27.72,111.63,22.2,95,988.7,44.052,train
670,27.72,111.77,21.96,90,993.7,37.659,test
671,27.72,112.34,22.73,92,999.9,49.4635,train
672,27.72,113.32,23.84,93,1001.9,43.4497,train
673,27.73,110.41,22.51,100,992.3,49.3009,train
674,27.73,112,24.61,96,991.1,50.385,train
675,27.73,112.72,21.99,89,1002.5,44.9409,test
676,27.73,113.5,19.22,75,994.8,29.9715,train
677,27.73,113.67,26.11,100,998.2,46.1944,train
678,27.74,110.53,21.55,100,945,42.9664,train
679,27.74,113.05,21.9,92,995.1,49.8097,train
680,27.74,113.11,21.14,84,1003.9,45.3419,test
681,27.75,110.14,22.1,100,988,45.5579,train
682,27.75,110.89,15.49,77,913.8,34.4068,train
683,27.75,111.29,20.36,85,984.4,43.6,train
684,27.75,112.02,21.63,87,993.5,49.2805,train
685,27.75,112.51,22.55,93,998.5,45.8,test
686,27.75,113.27,22.66,94,1000.1,51.3606,train
687,27.76,111.92,23.18,91,989.9,46.2788,train
688,27.76,112.47,22.18,92,999.5,42.9861,train
689,27.76,113.69,23.9,91,992.2,48.2907,train
690,27.77,112.07,22.55,93,995.3,46.4056,test
691,27.77,113.21,19.26,77,1000.3,42.5658,train
692,27.77,113.32,22.52,94,996.7,50.6983,train
693,27.77,113.39,23.66,94,998.2,51.5538,train
694,27.78,111.49,17.57,80,930.6,35.3794,train
695,27.78,111.75,20.61,85,987.7,48.9128,test
696,27.78,111.88,21.01,84,994.8,49.8934,train
697,27.78,111.96,21.47,88,993.2,48.1025,train
698,27.78,112.77,22.45,92,1001.8,48.5167,train
699,27.78,113.29,22.8,94,995.1,51.4066,train
700,27.79,111.06,17.57,81,948.4,33.1517,test
701,27.79,112.95,18.46,72,1002.1,37.6379,train
702,27.79,113.14,21.4,84,1003.6,45.2538,train
703,27.8,112.6,21.61,88,1000.5,45.3007,train
704,27.8,113.16,21.27,83,1003.2,52.1595,train
705,27.8,113.43,24.31,99,996.6,49.3183,test
706,27.81,112.01,21.4,91,992.4,45.251,train
707,27.81,112.32,21.27,91,997.2,51.2745,train
708,27.81,113.04,21.89,87,1001.9,46.1737,train
709,27.81,113.05,22.4,89,1002.3,48.4071,train
710,27.81,113.08,21.64,86,1001.2,50.1068,test
711,27.81,113.22,22.83,93,1001.9,38.9746,train
712,27.82,111.67,23.04,98,966.5,53.071,train
713,27.82,112.22,20.69,88,982.1,44.2215,train
714,27.82,113.11,21.26,85,997.1,44.8767,train
715,27.82,113.23,22.07,91,1001.9,42.1493,test
716,27.83,109.62,19.49,91,955.6,39.0938,train
717,27.83,112.94,20.89,82,1000.7,42.4787,train
718,27.83,113.01,22.79,90,1003.7,51.8932,train
719,27.83,113.35,21.13,91,996.2,51.3089,train
720,27.83,113.47,20.44,88,984.8,36.9919,test
721,27.84,111.85,22.76,95,993.1,45.5582,train
722,27.84,112.52,20.46,87,998.3,39.6927,train
723,27.84,113.17,22.18,86,1004,41.7177,train
724,27.85,110.69,21.82,100,982.8,54.2861,train
725,27.85,111.78,20.5,84,989.7,41.3376,test
726,27.85,112.39,21.93,95,997.4,46.1411,train
727,27.85,113.27,22.28,93,995.1,51.3173,train
728,27.85,113.38,20.47,86,992.1,33.3876,train
729,27.86,109.81,21.61,96,986.8,48.1,train
730,27.86,109.92,21.96,100,981.6,46.3371,test
731,27.86,112.9,22.04,86,1004,41.8944,train
732,27.86,113.23,21.5,92,995.2,51.5354,train
733,27.87,110.01,19.08,88,979.6,34.374,train
734,27.87,110.09,22.1,100,991,46.3179,train
735,27.87,113.17,25.48,100,999.6,52.9195,test
736,27.87,113.62,21.26,85,987.7,41.5784,train
737,27.88,109.45,21.3,97,960.9,35.6486,train
738,27.88,109.7,22.37,100,985.8,46.8247,train
739,27.88,110.4,21.33,93,992.7,49.8775,train
740,27.88,110.73,20.11,100,949.5,43.6693,test
741,27.88,111.37,21.12,95,976.4,47.3888,train
742,27.88,111.65,18.08,86,940.7,38.4645,train
743,27.88,112.83,22.26,89,1000.9,45.729,train
744,27.88,113.07,21.85,89,1003,44.01,train
745,27.88,113.12,21.61,88,998,48.5252,test
746,27.88,113.43,23.81,100,993.5,49.8898,train
747,27.88,113.49,21.63,92,992.6,50.4823,train
748,27.89,109.55,17.02,82,962.3,29.1241,train
749,27.89,109.64,21.82,100,984.5,46.0368,train
750,27.89,109.89,22.8,100,990.9,49.1482,test
751,27.89,111.52,20.26,97,958.3,39.2374,train
752,27.89,112.53,20.86,86,997.7,30.1444,train
753,27.89,112.59,23.38,97,993.5,45.2854,train
754,27.89,112.97,21.02,81,1000.7,43.3489,train
755,27.9,113.21,22.12,89,1002.7,43.0973,test
756,27.91,109.31,19.51,97,931.1,35.7624,train
757,27.91,110.6,22.24,100,985.7,45.4,train
758,27.91,111.85,20.24,85,987.7,41.2857,train
759,27.91,113.69,21.15,82,997.8,35.7671,train
760,27.92,109.61,22.1,100,969.6,41.0475,test
761,27.92,111.97,20.52,90,979.1,41.2706,train
762,27.92,112.12,19.51,84,986.3,34.6872,train
763,27.92,112.43,24.25,100,990.5,62.5373,train
764,27.92,112.59,21.12,86,997.9,35.4186,train
765,27.92,112.96,26.27,100,1003.8,46.2088,test
766,27.92,113.52,20.54,89,986.8,46.598,train
767,27.93,113.07,21.36,87,1002,47.4499,train
768,27.94,112.3,21.32,89,988,58.3822,train
769,27.94,113,21.78,86,1003.5,48.4642,train
770,27.94,113.25,21.96,90,997.6,48.328,test
771,27.95,109.6,20.2,92,969.4,46.4,train
772,27.95,110.77,20.95,96,976.6,43.2246,train
773,27.95,110.84,19.99,100,973.4,40.5752,train
774,27.95,113.14,21.99,89,1002.7,45.2479,train
775,27.95,113.18,23.18,95,1001.9,44.8374,test
776,27.95,113.66,20.13,81,991.1,45.1305,train
777,27.96,109.99,21.88,99,988.6,46.4037,train
778,27.96,110.16,22.9,98,994.5,41.9866,train
779,27.96,112.47,19.52,79,995.5,37.2305,train
780,27.96,113.17,22.8,94,1001.7,51.1032,test
781,27.97,110.29,23.08,100,992.7,50.6671,train
782,27.97,110.34,22.06,98,989.8,33.467,train
783,27.97,112.32,21.89,87,995.7,52.8869,train
784,27.97,113.23,21.96,90,999.2,41.5262,train
785,27.98,109.35,18.83,96,933.3,37.9148,test
786,27.98,111.66,21.02,100,951.2,38.9546,train
787,27.98,113.73,22.87,92,993.3,49.7413,train
788,27.99,109.51,20.39,97,964.2,44.5389,train
789,27.99,112.01,21.33,93,979.3,53.494,train
790,27.99,112.98,20.74,78,1004.3,41.0769,test
791,28,109.8,20.82,96,975.9,43.7074,train
792,28,109.89,21.55,100,983.9,46.6781,train
793,28,112.12,21.08,88,994.2,46.0939,train
794,28,112.46,21.73,93,995,48.1607,train
795,28,113.19,25.17,100,1001.4,48.9518,test
796,28,113.43,21.69,90,998.4,47.2119,train
797,28,113.77,21.27,84,996.8,38.7254,train
798,28.01,110,21.34,99,980.1,47.544,train
799,28.01,110.19,22.06,95,991.8,47.3,train
800,28.01,112.98,22.98,93,1001.9,47.5992,test
801,28.02,109.52,19.63,97,956.7,35.4992,train
802,28.02,111.28,22.51,100,986.9,49.9449,train
803,28.02,112.5,20.49,85,993.7,41.931,train
804,28.03,110.44,20.6,98,951.4,42.2061,train
805,28.03,112.03,19.85,86,968.6,45.4368,test
806,28.03,112.26,21.29,90,992.5,56.188,train
807,28.03,112.38,20.87,85,998.7,35.6165,train
808,28.03,112.79,22.12,89,1002.6,43.1111,train
809,28.04,109.46,20.89,100,938.9,37.6343,train
810,28.04,111.09,22.34,98,985.3,51.0517,test
811,28.04,111.83,21.15,100,973.6,47.3999,train
812,28.04,112.99,22.67,89,999.9,50.1181,train
813,28.05,110.76,21.69,100,981.1,43.6032,train
814,28.05,112.64,21.58,89,1000.1,43.7602,train
815,28.05,113,22.45,86,998.1,43.9596,test
816,28.05,113.93,20.88,84,991.7,30.7969,train
817,28.06,111.76,20.37,100,968,35.1539,train
818,28.07,109.38,18.79,94,917.6,36.8285,train
819,28.07,110.09,23.37,100,992.3,38.2705,train
820,28.07,112.92,23.47,95,1004.3,48.9801,test
821,28.07,113.12,21.63,87,995.4,51.7866,train
822,28.07,113.56,21.26,85,1000.2,39.1993,train
823,28.07,113.99,20.47,86,987.8,45.2522,train
824,28.08,109.75,16.7,82,961.3,31.1448,train
825,28.08,111.37,20.99,95,978.7,47.9699,test
826,28.08,112.99,21.93,84,1001.4,46.2932,train
827,28.08,113.47,23.72,96,997.3,53.9076,train
828,28.09,113.18,22.7,88,1002.9,44.6801,train
829,28.09,113.87,20.93,89,986.6,45.1324,train
830,28.1,109.6,17.67,83,969.3,40.6708,test
831,28.1,111.58,22.1,100,984.4,56.1195,train
832,28.1,111.94,18.7,81,976.2,39.8741,train
833,28.1,112.74,23.44,92,1000.8,42.6799,train
834,28.1,112.86,21.38,86,1000.4,45.7016,train
835,28.11,109.89,21.02,100,963.9,39.1005,test
836,28.11,112.79,23.09,97,994.6,40.6737,train
837,28.11,112.93,21.02,81,1003.1,44.1343,train
838,28.11,113.03,21.8,84,998.4,47.4981,train
839,28.12,112.23,19.89,81,996.4,33.8804,train
840,28.12,112.98,21.54,82,999.2,44.9574,test
841,28.13,109.73,20.9,94,985.5,43.7305,train
842,28.13,109.89,20.94,99,967,43.0108,train
843,28.13,112.03,20.62,91,987.5,46.5986,train
844,28.13,112.67,24.1,100,999.7,49.3951,train
845,28.13,112.9,20.61,78,1004.5,41.7052,test
846,28.13,112.92,21.8,81,1005,42.8979,train
847,28.13,113.37,21.78,86,993.4,43.9198,train
848,28.14,111.66,21.47,99,987.1,46.1828,train
849,28.14,112.96,20.75,79,999,41.9772,train
850,28.14,112.99,20.76,80,997.7,37.1955,test
851,28.15,109.38,20.24,100,914,30.7791,train
852,28.16,109.73,22.8,100,987.5,49.1482,train
853,28.16,110.64,21.07,99,969.3,43.9226,train
854,28.16,112.98,25.65,93,997.9,47.3021,train
855,28.16,113.63,20.64,82,996.5,52,test
856,28.17,109.61,19.47,87,980.7,35.3839,train
857,28.17,109.95,21.12,98,981.9,46.7742,train
858,28.17,110.21,21.88,99,989.8,39.6571,train
859,28.17,112.94,20.99,78,1004.5,43.9675,train
860,28.17,113.1,22.07,82,1004.2,44.4473,test
861,28.17,113.13,21.67,81,1003.9,47.6615,train
862,28.18,109.46,16.27,84,921.2,20.9577,train
863,28.18,112.76,21.65,85,1000,47.2245,train
864,28.18,113.85,21.34,88,995.3,39.6305,train
865,28.19,110.11,21.39,98,970,46.2689,test
866,28.19,111.96,16.01,72,940.3,23.118,train
867,28.19,112.52,21.96,90,1000.6,44.9255,train
868,28.19,112.94,22.33,80,1002.5,50.5285,train
869,28.19,112.97,21.12,78,1002.3,43.2074,train
870,28.19,113.02,23.99,87,1004.6,54.5825,test
871,28.19,113.52,21.96,100,960.4,44.1996,train
872,28.2,109.83,21.02,100,965.4,37.0532,train
873,28.2,109.98,17.67,83,966.4,40.6029,train
874,28.2,112.91,22.21,82,1004.1,42.6452,train
875,28.2,112.92,21.39,79,1004.2,47.1029,test
876,28.2,113,20.78,74,1004.1,42.0298,train
877,28.2,113.05,22.17,78,1004.7,47.3506,train
878,28.2,114.08,20.88,84,981.5,37.2884,train
879,28.21,109.56,18.53,86,973.5,29.5795,train
880,28.21,109.67,26.59,97,976.1,48.8953,test
881,28.21,109.7,21.7,97,976.1,44.5949,train
882,28.21,109.81,22.16,96,986.8,49.1869,train
883,28.21,110.23,21.55,100,984.5,49.9173,train
884,28.21,112.73,21.38,86,1000.6,45.7545,train
885,28.21,112.96,20.83,76,1004.1,43.0742,test
886,28.21,113.03,22.47,81,1004.5,47.0554,train
887,28.21,113.06,21.8,84,1001.8,43.8566,train
888,28.21,113.2,20.89,82,996.6,45.9,train
889,28.22,110.09,20.95,96,973.4,45.1208,train
890,28.22,112.11,21.48,96,980.3,53.9574,test
891,28.22,112.26,20.25,84,995.1,40.5528,train
892,28.22,112.8,23.13,87,1000.1,48.4575,train
893,28.22,112.94,21.51,78,1003.3,48.739,train
894,28.22,113.11,20.73,77,1001.9,35.9561,train
895,28.22,113.19,20.49,78,1000.2,30.9842,test
896,28.23,109.57,18.99,87,931.8,35.2609,train
897,28.23,110.29,22.37,100,990.3,33.0011,train
898,28.23,112.69,21.83,90,1003,41.3067,train
899,28.23,112.96,21.49,77,1004,46.8875,train
900,28.23,113.01,21.09,76,1003.9,39.9415,test
901,28.23,113.06,20.98,77,1001.5,39.9073,train
902,28.24,109.68,21.1,92,980,45.1,train
903,28.24,110.02,22.11,97,993.8,51.269,train
904,28.24,112.72,22.1,90,1000.5,41.4782,train
905,28.24,112.97,20.85,77,1004.7,44.6913,test
906,28.24,113,21.91,78,1004.8,46.56,train
907,28.24,113.01,21.51,78,1004.8,46.9046,train
908,28.25,110.83,21.74,99,977.7,41.5465,train
909,28.25,111.71,22.51,100,992.3,51.652,train
910,28.25,112.54,22.3,87,999.6,44.5,test
911,28.25,113.08,20.47,72,1001.5,43.0719,train
912,28.26,109.64,22.2,98,984.7,47.88,train
913,28.26,109.92,22.3,96,992.7,54.7174,train
914,28.26,111.79,21.55,100,982.4,50.6107,train
915,28.26,112.96,23.17,83,1003.8,52.089,test
916,28.26,112.98,21.26,79,1004.8,44.2711,train
917,28.26,113.16,20.75,79,1001.5,35.2821,train
918,28.27,112.83,22.04,86,1002.6,38.9866,train
919,28.27,114.09,20.38,83,984.8,44.1258,train
920,28.28,109.68,22.24,100,978.9,46.4264,test
921,28.28,109.79,22.02,96,988.3,48.086,train
922,28.28,109.83,22.39,97,986.8,53.8792,train
923,28.28,112.55,19.68,74,1000.5,38.2428,train
924,28.28,112.68,21.15,82,1001.7,35.3281,train
925,28.28,112.85,22.42,88,1001,33.1457,test
926,28.28,112.91,20.41,74,1002.3,40.9773,train
927,28.28,112.97,21.26,79,1004.2,42.3317,train
928,28.28,113.91,21.96,90,993.3,39.9089,train
929,28.29,110.32,22.1,100,990.5,40.8696,train
930,28.29,111.29,20.01,94,975.5,45.7198,test
931,28.29,112.23,23.24,97,993.6,46.0551,train
932,28.29,112.79,22.99,99,987.2,51.7118,train
933,28.29,112.85,21.94,83,1003.5,45.3234,train
934,28.29,113.18,21.27,80,1002.1,37.7706,train
935,28.3,109.74,22.06,95,976.9,50.2106,test
936,28.3,112.14,20.6,86,988.6,37.0906,train
937,28.3,112.92,20.83,76,1004.1,41.7355,train
938,28.3,113.43,23.07,90,1000,42.5871,train
939,28.31,109.68,22.51,100,977,49.1336,train
940,28.31,109.77,21.88,96,980.2,45.3583,test
941,28.31,112.49,22.16,87,999.8,26.2254,train
942,28.31,112.89,21.37,77,1003.4,42.5082,train
943,28.31,112.91,21.06,75,1003.7,39.8443,train
944,28.31,113.8,23.73,92,997.7,46.98,train
945,28.32,109.59,21.33,93,982.2,48.0309,test
946,28.32,109.65,21.15,100,962.5,35.2543,train
947,28.32,109.82,21.69,100,975.9,40.4002,train
948,28.32,111.29,22.43,99,989.2,39.9678,train
949,28.32,112.07,20.29,89,992.1,45.727,train
950,28.32,112.07,19.28,81,996,34.2075,test
951,28.32,112.72,22.04,86,1003.3,42.2949,train
952,28.32,112.87,21.67,81,1003,41.5254,train
953,28.32,112.92,23.72,86,1004.6,54.7855,train
954,28.32,113.31,22.16,87,1000.8,40.742,train
955,28.33,110.52,20.99,98,977.6,47.6541,test
956,28.33,112.41,19.27,78,999,32.7372,train
957,28.34,109.56,20.37,100,935.7,43.0958,train
958,28.34,110.03,21.47,99,981.8,48.5964,train
959,28.34,111.61,21.74,99,994,51.8405,train
960,28.34,112.93,21.25,78,1002.9,40.2328,test
961,28.34,113.2,22.32,86,1004,36.8745,train
962,28.35,109.76,21.73,93,986.9,47.5711,train
963,28.35,109.95,21.42,100,966.9,49.3948,train
964,28.35,110.3,22.37,100,993.2,41.8202,train
965,28.35,111.1,21.96,100,985.9,44.998,test
966,28.35,111.5,21.74,99,993.7,49.7266,train
967,28.35,112.45,23.72,96,999.2,50.3044,train
968,28.35,112.82,22.06,80,1002.9,35.7828,train
969,28.35,112.83,21.11,77,1003.4,40.5956,train
970,28.36,109.7,21.88,96,983.6,49.1906,test
971,28.36,112.78,21.79,85,1002.5,41.1644,train
972,28.36,113.75,21.56,90,987.6,43.9884,train
973,28.36,113.81,22.04,92,993.5,40.8933,train
974,28.37,109.85,21.02,100,955.3,43.1539,train
975,28.37,111.42,20.36,91,999.3,47.0322,test
976,28.38,109.61,18.06,87,921.8,40.6944,train
977,28.38,111.22,20.95,88,986.1,45.4,train
978,28.38,113.44,21.25,86,998.1,33.696,train
979,28.39,111.5,22.51,100,999,45.4207,train
980,28.39,112.04,13.14,58,986.1,16.7011,test
981,28.4,112.28,20.24,85,1000.1,33.9831,train
982,28.4,113.01,22.6,80,1001.3,44.6362,train
983,28.4,113.12,19.87,78,999.9,38.5965,train
984,28.41,111.84,23.57,99,996.2,47.7004,train
985,28.41,112.16,23.76,95,1001.1,42.1129,test
986,28.41,112.44,22.76,91,1001.5,54.4745,train
987,28.41,112.78,23.51,100,997.4,51.1372,train
988,28.41,112.93,21.66,84,1002.8,43.439,train
989,28.41,112.99,21.53,84,998,46.8326,train
990,28.41,113.01,22.2,84,1000.7,47.0725,test
991,28.41,113.22,21.79,85,1002.6,43.5382,train
992,28.41,113.92,21.14,84,994.1,43.4306,train
993,28.41,114.2,20.39,90,950.1,47.9241,train
994,28.42,109.5,20.63,100,923.8,45.7811,train
995,28.42,109.93,21.96,100,982,51.2179,test
996,28.42,110.79,20.11,100,963.5,34.382,train
997,28.43,109.79,21.96,100,981.7,50.8016,train
998,28.43,112.16,20.63,83,1001.9,36.5117,train
999,28.43,112.99,22.47,81,993.7,44.4765,train
1000,28.43,113.6,21.29,90,991.3,43.9323,test
1001,28.43,114.15,15.58,92,851.6,34.4912,train
1002,28.44,109.42,20.42,99,948.5,45.8959,train
1003,28.44,111.28,22.66,100,991.4,49.7718,train
1004,28.44,111.65,23.96,100,1000.2,48.377,train
1005,28.44,111.78,20.57,88,999.6,44.4602,test
1006,28.44,111.99,22.25,97,997.6,49.6578,train
1007,28.44,112.47,21.02,83,999.9,36.2416,train
1008,28.44,113,21.79,85,1001.2,44.8849,train
1009,28.44,113.66,23.19,98,976.7,46.3675,train
1010,28.45,109.79,20.82,96,982,46.6482,test
1011,28.45,109.83,21.28,100,968.9,43.4742,train
1012,28.45,111.21,22.9,98,991.7,51.9172,train
1013,28.45,113.04,21.4,84,1000.3,44.4958,train
1014,28.46,110.4,23.08,100,991.7,44.8,train
1015,28.46,111.39,22.37,100,993.5,56.8373,test
1016,28.46,111.93,22.37,100,997.1,49.4989,train
1017,28.46,112.79,23.27,87,1004.8,51.9611,train
1018,28.47,111.94,20.97,92,1000.5,44.0315,train
1019,28.47,113.01,19.4,82,962.5,29.6116,train
1020,28.47,113.33,22.07,83,1000.2,46.0182,test
1021,28.48,109.89,21.57,97,975.5,51.243,train
1022,28.48,112.25,23.51,100,999.7,52.9776,train
1023,28.48,112.52,25.53,99,1004.8,55.8311,train
1024,28.48,112.56,21.78,86,1004.9,42.7509,train
1025,28.48,112.59,25.32,100,1004.4,56.6804,test
1026,28.48,112.8,21.53,80,1002.6,37.8859,train
1027,28.48,113.38,20.89,82,996.6,39.669,train
1028,28.48,113.72,21.33,93,973.2,46.1439,train
1029,28.49,111.49,22.1,100,991.7,45.8141,train
1030,28.49,111.85,21.69,90,997.1,41.1337,test
1031,28.49,112.43,22.01,88,1002.3,42.5491,train
1032,28.49,112.73,21.79,85,1005.1,43.3752,train
1033,28.49,113.11,22.76,91,1002.5,44.731,train
1034,28.5,109.39,20.63,100,948.5,45.7964,train
1035,28.5,112.4,20.76,80,1003.4,39.8172,test
1036,28.51,109.47,20.81,99,953.7,54.021,train
1037,28.51,112.49,22.44,87,1004.9,46.4422,train
1038,28.51,112.75,22.19,85,1004.3,47.6154,train
1039,28.52,109.28,21.47,99,971.5,46.4075,train
1040,28.52,109.59,19.92,93,930.6,43.3464,test
1041,28.52,110.72,22.01,99,991,41.9445,train
1042,28.52,112.14,20.63,83,992.5,40.3,train
1043,28.52,112.14,24.17,92,1003.1,33.7832,train
1044,28.53,110.22,22.24,100,994.2,42.5875,train
1045,28.53,110.64,20.26,94,973,41.2951,test
1046,28.53,110.91,21.3,94,970.5,48.0986,train
1047,28.53,111.61,22.94,100,997.1,44.6198,train
1048,28.53,112.26,24.46,99,1003.1,30.8462,train
1049,28.53,113.01,25.48,100,1001.1,40.1621,train
1050,28.53,113.2,24.1,100,995.2,38.7746,test
1051,28.53,113.36,20.64,81,1001,35.6547,train
1052,28.53,113.37,22.48,91,999.1,41.6093,train
1053,28.54,109.46,19.93,96,949.1,44.5014,train
1054,28.54,109.76,20.56,96,967.1,52.5344,train
1055,28.54,111.72,22.95,97,998.5,47.2068,test
1056,28.54,112.05,22.98,93,1001.5,40.5871,train
1057,28.54,112.43,23.84,93,1004.4,53.4821,train
1058,28.54,112.96,22.85,87,999.7,40.2097,train
1059,28.54,113.35,20.25,79,999.2,33.9499,train
1060,28.55,111.97,22.01,88,1002.4,27.0998,test
1061,28.55,112.68,26.11,100,1004.5,50.4395,train
1062,28.55,113.08,18.3,86,934.9,35.0185,train
1063,28.55,113.2,21.27,83,995.6,45.4132,train
1064,28.55,113.45,22.12,89,994.1,41.8643,train
1065,28.56,111.83,22.34,91,999.9,42.0882,test
1066,28.56,112.33,21.54,83,997.5,48.3017,train
1067,28.56,113.6,22.07,91,993.2,42.4417,train
1068,28.57,109.87,20.11,100,929.4,36.6344,train
1069,28.57,112.2,21.54,83,1003.8,31.2223,train
1070,28.57,112.38,21.53,84,994.8,46.2,test
1071,28.59,109.84,19.73,100,934.4,43.4917,train
1072,28.59,112.29,22.23,90,1003.8,45.9092,train
1073,28.59,112.45,9.72,37,1004.8,16.9436,train
1074,28.59,113.38,20.51,81,992,37.6656,train
1075,28.59,113.73,24.55,100,997,40.4778,test
1076,28.59,113.84,23.9,91,993.3,38.2312,train
1077,28.6,112,24.66,98,999.1,46.6937,train
1078,28.6,112.2,22.97,88,1002.7,32.702,train
1079,28.6,112.37,22.48,82,1004.7,36.7343,train
1080,28.61,109.35,21.3,97,970.3,45.1688,test
1081,28.61,111.74,21.29,90,995.2,41.8768,train
1082,28.61,112.12,22.07,83,1000.3,42.4978,train
1083,28.61,112.35,20.73,77,1004.8,23.5865,train
1084,28.62,109.95,22.66,100,973.2,43.3,train
1085,28.62,113.25,23.08,94,1001.1,45.9001,test
1086,28.63,109.55,23.23,100,981.9,54.0713,train
1087,28.63,112.32,21.28,81,1003.5,40.8639,train
1088,28.63,112.57,22.85,87,1004.1,52.3763,train
1089,28.63,112.59,12.87,49,1005.2,32.0135,train
1090,28.63,112.81,24.31,92,1005.3,52.8735,test
1091,28.63,113.56,22.98,93,988.8,49.5583,train
1092,28.64,113.28,22.32,86,999.6,41.7726,train
1093,28.64,113.83,21.87,88,995.2,44.6648,train
1094,28.65,110.35,20.65,97,971.5,43.8412,train
1095,28.65,111.24,22.94,94,996.1,51.1046,test
1096,28.65,111.32,19.64,81,1000.2,50.2447,train
1097,28.67,111.99,21.8,83,1000.8,37.5088,train
1098,28.68,109.65,20.82,96,959.9,51.5166,train
1099,28.69,109.83,21.69,100,963.2,49.6937,train
1100,28.69,110.53,22.24,100,990.8,42.7454,test
1101,28.69,110.75,21.66,95,990,48.3276,train
1102,28.69,112.14,20.71,76,997.4,39.4897,train
1103,28.69,112.24,18.91,72,1000.5,26.9343,train
1104,28.69,113.04,24.71,97,999.2,49.4792,train
1105,28.69,113.13,21,85,966.5,46.5404,test
1106,28.7,113.94,23.96,100,993.7,47.701,train
1107,28.71,111.55,20.26,82,993.7,44.7269,train
1108,28.71,112.77,22.45,86,1004.4,44.1503,train
1109,28.71,113.43,24.4,100,999.8,46.4091,train
1110,28.71,113.57,24.86,100,996.3,41,test
1111,28.72,111.77,22.56,88,998,43.9585,train
1112,28.73,112.7,23.5,90,1004.4,46.789,train
1113,28.73,112.93,24.54,94,1001.2,45.5784,train
1114,28.74,109.81,21.34,99,965.2,50.065,train
1115,28.74,109.96,20.6,98,951.8,42.2993,test
1116,28.74,112.18,20.76,82,999.6,36.7077,train
1117,28.75,111.33,21.47,88,1002.3,37.1876,train
1118,28.75,113.24,24.39,94,1002.4,41.9817,train
1119,28.75,113.71,21.78,86,992.2,48.3248,train
1120,28.76,109.85,21.12,98,959.1,44.93,test
1121,28.76,110.43,22.51,100,985.6,43.1835,train
1122,28.76,111.23,23.81,100,1000.1,42.9576,train
1123,28.76,112.35,23.84,93,1004.4,40.2406,train
1124,28.76,112.99,22.83,88,1001.8,40.5979,train
1125,28.77,112.45,23.58,92,1004.4,44.4488,test
1126,28.77,113.01,25.79,100,1002.2,57.0685,train
1127,28.78,109.79,20.99,98,956.8,48.61,train
1128,28.78,113.61,21.15,81,997.8,35.7425,train
1129,28.8,110.21,18.86,92,921,40.5854,train
1130,28.8,110.63,21.26,95,991.5,50.1757,test
1131,28.8,112.58,13.84,53,1004.5,21.2945,train
1132,28.8,113.07,21.41,81,1003.1,44.1564,train
1133,28.81,109.35,22.8,100,970.2,44.5294,train
1134,28.81,109.74,22.06,98,977,38.0087,train
1135,28.81,111.01,24.4,100,999.3,50.1818,test
1136,28.81,114.05,21.08,88,992.5,41.0041,train
1137,28.82,110.12,21.3,94,981.1,46.0028,train
1138,28.83,112.39,20.53,74,1005,29.1136,train
1139,28.83,113.16,22.74,85,1003.5,52.9659,train
1140,28.84,109.26,15.74,85,873,33.1842,test
1141,28.84,112.37,26,99,1003.7,40.6,train
1142,28.84,113.61,21,85,995.8,37.6727,train
1143,28.85,110.2,19.19,96,912.9,40.1154,train
1144,28.85,110.33,21.08,96,971,41.0258,train
1145,28.85,111.65,22.01,88,1003.3,53.1942,test
1146,28.85,113.03,22.34,84,1005.3,44.5307,train
1147,28.85,113.94,21.27,91,988.3,46.2455,train
1148,28.86,109.78,21.52,98,962.1,37.7201,train
1149,28.86,110,14.08,67,946,26.1601,train
1150,28.86,112.92,22.34,83,1005.2,44.9272,test
1151,28.86,113.11,21.15,82,999.5,42.2,train
1152,28.87,111.48,21.25,86,1003.2,41.0116,train
1153,28.87,113.51,21.29,90,994.4,40.9041,train
1154,28.89,109.7,20.94,99,954.9,39.1684,train
1155,28.89,110.85,21.7,97,984.4,40.548,test
1156,28.89,111.82,21.53,84,1004.4,45.3562,train
1157,28.9,110.07,19.71,98,927.4,31.6811,train
1158,28.9,113.84,16.12,69,975.3,21.9903,train
1159,28.91,111.48,22.44,87,1002.7,41,train
1160,28.91,111.74,21.66,84,1001.7,39.925,test
1161,28.91,113.6,23.86,96,991.4,37.9223,train
1162,28.92,109.45,21.98,97,969,48.0569,train
1163,28.92,110.3,19.89,90,941.4,40.7544,train
1164,28.92,111.96,22.44,87,1004.3,40,train
1165,28.92,113.78,18.57,83,964.4,33.6601,test
1166,28.93,110.21,20.94,93,969.2,44.2815,train
1167,28.93,110.44,22.24,100,966.6,46.6547,train
1168,28.94,110.03,20.34,98,943.7,43.3723,train
1169,28.94,110.97,20.2,92,964.7,41.2913,train
1170,28.94,112.58,18.91,72,1005.2,29.4941,test
1171,28.94,113.74,21.29,90,987.7,45.8687,train
1172,28.95,112.3,23.01,92,998.8,42.7809,train
1173,28.96,109.4,19.4,82,977.9,41.7627,train
1174,28.96,111.75,22.71,87,1003.9,41.6318,train
1175,28.97,110.45,19.86,100,909.5,41.2471,test
1176,28.97,112.92,22.61,84,1005.7,48.1769,train
1177,28.97,113.82,12.05,63,880,20.8471,train
1178,28.97,113.92,15.76,70,964.8,23.9407,train
1179,28.98,110.67,20.86,95,972.9,43.3526,train
1180,28.99,109.67,21.69,100,960.1,34.3377,test
1181,28.99,110.81,21.12,95,984.6,35.6888,train
1182,28.99,111.8,21.8,82,1004.4,43.946,train
1183,28.99,112.84,25.26,95,1005.1,47.5951,train
1184,29,112.97,27.41,100,1004.1,50.9674,train
1185,29.01,109.84,21.63,92,978.5,41.8,test
1186,29.01,110.5,20.09,98,950.1,42.4675,train
1187,29.01,112.49,24.17,92,1005.2,50.3211,train
1188,29.01,113.44,22.76,91,994,46.5368,train
1189,29.01,113.69,22.51,100,987.7,48.2034,train
1190,29.02,110.14,20.81,99,947.3,37.8902,test
1191,29.02,110.62,19.92,93,938.7,39.9013,train
1192,29.02,110.72,21.74,99,966.8,43.2966,train
1193,29.02,111.57,26.11,100,1004,45.0882,train
1194,29.02,112.01,22.89,84,1004.3,49.0667,train
1195,29.02,113.49,21.13,91,994.4,40.5741,test
1196,29.03,110.29,21.17,97,961.8,42.708,train
1197,29.03,111.73,21.93,80,1004.5,44.1624,train
1198,29.04,109.35,21.43,97,969.1,41.6272,train
1199,29.04,111.62,22.04,86,1004,36.0883,train
1200,29.04,112.3,23.35,90,1001.2,45.1273,test
1201,29.05,110.82,21.96,100,965.3,42.0387,train
1202,29.05,111.68,21.53,80,1004.3,39.139,train
1203,29.05,112,23.04,91,1004.6,51.5716,train
1204,29.06,110.98,22.06,98,984.8,49.91,train
1205,29.07,112.44,26.75,100,1005.2,41.6175,test
1206,29.07,113.78,22.94,100,988.1,53.8446,train
1207,29.08,109.98,20.04,99,937.3,41.9397,train
1208,29.08,110.48,22.94,100,977.5,40.5763,train
1209,29.08,112.7,25.9,98,1004.8,46.8874,train
1210,29.09,110.34,19.28,80,987.8,44.0909,test
1211,29.1,109.71,21.52,95,969.8,41.4501,train
1212,29.1,109.96,21.34,99,960.3,37.3184,train
1213,29.1,110.45,23.51,100,985.5,51.3615,train
1214,29.11,110.52,23.51,100,979.9,44.494,train
1215,29.11,112.34,23.09,89,1004.9,38.4089,test
1216,29.11,112.67,22.33,85,1005.2,35.9265,train
1217,29.12,110.38,23.23,100,984.5,47.5263,train
1218,29.12,110.42,22.71,99,983.8,43.5,train
1219,29.12,111.68,21.85,89,990.8,38.5,train
1220,29.12,112.56,23.42,87,1005.1,44.9648,test
1221,29.13,110.19,21.69,100,962.2,38.9805,train
1222,29.13,112.43,26.43,100,1005.1,44.3506,train
1223,29.13,113.02,22.53,89,1004.2,43.9523,train
1224,29.14,109.37,19.49,100,917.8,35.4298,train
1225,29.14,109.69,22.37,100,965.5,45.7069,test
1226,29.14,110.01,17.67,82,961.9,43.3514,train
1227,29.14,110.49,23.24,97,985.7,54.5803,train
1228,29.15,110.56,23.37,100,987.9,47.0285,train
1229,29.15,112.12,22.75,83,1004.7,43.6306,train
1230,29.16,110.2,23.14,99,984.5,49.9924,test
1231,29.16,110.31,23.37,100,960.8,42.9657,train
1232,29.16,110.41,23.37,100,988.7,46.9651,train
1233,29.16,110.83,18.47,96,913.2,33.694,train
1234,29.18,109.62,20.34,98,942.5,43.3723,train
1235,29.18,109.89,20.78,97,956.7,40.1139,test
1236,29.18,110.68,22.66,100,981.4,43.2205,train
1237,29.19,110.12,21.69,100,967.2,36.6877,train
1238,29.19,110.39,22.94,100,981.2,41.1921,train
1239,29.19,110.51,22.37,100,980,41.7783,train
1240,29.19,111.63,23.95,94,1003.7,39.696,test
1241,29.19,112.36,22.47,84,1004.3,29.9936,train
1242,29.19,112.63,23.35,90,1005.1,36.0427,train
1243,29.19,113.11,23.51,94,1002.7,39.0776,train
1244,29.19,113.52,21.93,91,997.7,43.1336,train
1245,29.2,109.77,20.5,100,923.7,37.4468,test
1246,29.2,109.83,20.09,98,942.8,42.4942,train
1247,29.2,109.96,21.12,98,960.7,38.5768,train
1248,29.2,111.18,23.07,90,995,49.9636,train
1249,29.21,111.98,23.43,86,1004.4,43.2042,train
1250,29.22,112.7,23.5,90,1005.3,33.5701,test
1251,29.23,110.44,22.37,100,977.8,44.3518,train
1252,29.23,110.62,22.51,100,976,40.1331,train
1253,29.23,112.55,23.4,88,1005,38.6338,train
1254,29.23,113.09,26.32,99,1005.2,45.0468,train
1255,29.23,113.39,22.62,91,996.8,50.7782,test
1256,29.24,112.41,23.57,86,1004.8,45.8421,train
1257,29.24,113.14,23.07,90,997.3,45.0457,train
1258,29.25,110.52,22.66,100,972.1,41.3199,train
1259,29.26,109.73,20.99,98,961.5,39.7091,train
1260,29.26,110.72,23.66,100,988.5,52.2142,test
1261,29.26,111.54,23.47,95,996.6,52.2819,train
1262,29.26,113.51,17.21,90,921.6,29.2709,train
1263,29.27,110.15,21.04,97,963.9,38.9779,train
1264,29.27,110.26,21.79,98,967.1,47.1359,train
1265,29.28,110.01,21.07,99,956.6,40.311,test
1266,29.28,110.33,21.82,100,951.5,39.0239,train
1267,29.28,110.94,21.15,100,940.4,38.6674,train
1268,29.28,112.15,27.92,100,1004.6,51.9807,train
1269,29.28,112.34,23.86,86,1004.8,43.8468,train
1270,29.29,109.41,17.6,100,874.3,31.2635,test
1271,29.29,109.82,20.29,99,945.2,42.1535,train
1272,29.29,109.88,20.81,99,956.1,37.8902,train
1273,29.29,112.25,27.58,100,1004.7,46.1018,train
1274,29.29,112.66,25.65,93,1005.2,46.6074,train
1275,29.3,110.43,20.76,100,935.8,41.4539,test
1276,29.3,112.53,24.97,90,1004.7,46.799,train
1277,29.3,113.1,20.51,81,992.5,39.0641,train
1278,29.31,111.76,22.34,83,1000.1,41.0158,train
1279,29.31,112.27,26.48,96,1004.9,56.3468,train
1280,29.31,113.33,20.84,87,999.8,44.2905,test
1281,29.31,113.44,21.14,84,996.3,38.3541,train
1282,29.33,109.81,20.73,95,955.6,42.949,train
1283,29.33,109.91,20.55,99,955,35.2276,train
1284,29.33,109.98,21.42,100,965,43.7371,train
1285,29.34,109.49,19.86,100,912.4,34.2308,test
1286,29.34,110.31,21.28,100,950.2,41.1309,train
1287,29.34,110.56,23.08,100,957.8,39.7379,train
1288,29.35,110.36,21.15,100,957.3,40.1741,train
1289,29.35,111.71,24.43,93,997.8,41.1075,train
1290,29.35,112.41,16.57,59,1004.8,35.475,test
1291,29.35,112.43,26.49,99,1003.6,60.1432,train
1292,29.36,110.08,23.08,100,973.7,49.8543,train
1293,29.36,110.38,21.69,100,963,38.8508,train
1294,29.36,110.53,23.51,100,967.5,43.6619,train
1295,29.36,112.5,22.2,80,1004.9,43.3822,test
1296,29.36,113.53,23.4,88,1000.1,49.3172,train
1297,29.37,110.58,23.23,100,976.2,44.6112,train
1298,29.37,113.47,21.01,80,996.2,41.5641,train
1299,29.38,111.54,22.57,87,998.4,46.6307,train
1300,29.38,112.74,22.21,82,1004.9,54.5498,test
1301,29.38,113.09,25.22,92,1002.4,35.3,train
1302,29.39,110.01,21.15,100,954.6,40.1741,train
1303,29.39,110.16,22.37,100,967.7,44.2012,train
1304,29.39,110.46,15.55,74,888.2,28.8884,train
1305,29.39,110.98,22.28,88,988.5,48.5848,test
1306,29.39,113.63,19,86,945.5,38.7651,train
1307,29.4,110.16,21.23,92,972.6,41.8,train
1308,29.4,110.7,23.23,100,939.6,41.8928,train
1309,29.4,112.8,21.26,79,1004.8,33.8504,train
1310,29.41,109.6,19.68,96,919.7,39.4102,test
1311,29.41,109.92,20.86,95,965.4,41.5608,train
1312,29.41,110.44,20.86,98,948.6,39.8347,train
1313,29.41,112.2,25.84,96,1004.3,37.3,train
1314,29.41,113.31,22.47,81,992.9,44.5372,train
1315,29.42,111.38,23.13,87,996.4,44.1954,test
1316,29.42,111.97,24.42,88,1004,48.8284,train
1317,29.42,112.32,28.09,100,1004.7,54.0255,train
1318,29.42,112.64,26.24,94,1004.7,40.6644,train
1319,29.43,110.11,23.08,100,976.3,50.0966,train
1320,29.43,110.3,21.87,93,969.8,42.1535,test
1321,29.43,110.62,21.87,93,966.4,45.4674,train
1322,29.43,111.09,23.8,94,988.1,37.1,train
1323,29.44,110.24,23.23,100,975.8,45.7027,train
1324,29.44,113.17,21.32,75,1004.8,39.3366,train
1325,29.44,113.31,21.54,82,1001.4,41.4883,test
1326,29.45,110.93,22.01,99,942.6,40.6363,train
1327,29.45,113.05,17.82,65,1004.6,22.629,train
1328,29.45,113.36,20.76,82,995.6,37.8226,train
1329,29.46,109.44,20.74,91,954.8,40.7,train
1330,29.46,109.91,22.1,100,942.1,41.2025,test
1331,29.46,110.48,21.2,93,964.5,41.0533,train
1332,29.46,112.67,22.17,78,1004,42.9853,train
1333,29.46,113.22,20.16,74,999.6,31.4547,train
1334,29.47,109.82,22.1,100,941.2,41.2025,train
1335,29.47,111.67,24.1,89,997.7,46.4265,test
1336,29.47,112.5,25.34,93,1004.7,49.6906,train
1337,29.48,109.41,21.66,98,949.3,46.9166,train
1338,29.48,110.24,18.81,99,975.3,27.1893,train
1339,29.48,113.26,21.28,82,1003.4,42.768,train
1340,29.48,113.45,24.2,95,1001.2,36.9,test
1341,29.49,109.99,23.66,100,971.5,55.189,train
1342,29.49,110.16,22.1,100,957.1,41.2025,train
1343,29.49,110.36,22.66,100,953.7,41.2372,train
1344,29.49,110.55,23.96,100,968.4,43.6567,train
1345,29.49,112.41,25.85,99,1004.6,50.7212,test
1346,29.49,112.78,22.34,82,1005.2,49.4397,train
1347,29.49,113.19,21.39,79,1004.9,40.3089,train
1348,29.5,110.76,24.25,100,989.3,42.2343,train
1349,29.5,111.33,27.25,100,994.5,59.4015,train
1350,29.51,109.45,21.25,98,948.4,48.316,test
1351,29.51,110.29,21.87,93,970.9,40.28,train
1352,29.51,111.8,26.65,99,998.5,48.3084,train
1353,29.51,113.62,22.42,93,997.1,39.5727,train
1354,29.52,110.16,21.39,95,955.4,40.7508,train
1355,29.52,110.6,19.86,100,917.7,41.2471,test
1356,29.52,112.47,26.97,99,1004.7,43.9419,train
1357,29.52,112.56,21.66,80,1002.5,37.6,train
1358,29.52,113.31,22.06,84,1003.2,36.7241,train
1359,29.53,110.1,23.96,100,973.2,52.5811,train
1360,29.53,113.41,19.06,73,975.2,26.678,test
1361,29.54,109.81,20.64,94,938.9,43.3388,train
1362,29.54,112.56,21.92,79,1004.2,40.3131,train
1363,29.54,113.26,21.94,81,1003.3,40.4165,train
1364,29.54,113.36,21.55,74,1003.7,37.7499,train
1365,29.55,109.86,22.53,97,966.1,50.378,test
1366,29.55,110.39,21.47,93,958.1,40.4349,train
1367,29.55,110.49,23.14,99,954.6,48.6928,train
1368,29.55,111.03,22.55,93,987.2,41.6407,train
1369,29.55,111.66,23.76,91,997.5,55.0559,train
1370,29.55,112.19,22.34,84,1004.4,31.0443,test
1371,29.55,113.36,20.94,75,1004.3,42.0096,train
1372,29.56,111.62,26.7,98,999.6,46.832,train
1373,29.56,113.7,21.72,89,1000.3,46.1958,train
1374,29.57,109.7,18.12,96,918.1,33.1734,train
1375,29.57,112.51,22.46,85,1004.4,45.4312,test
1376,29.58,109.59,19.95,92,945.9,37.7366,train
1377,29.58,111.36,21.67,81,994.6,38.4,train
1378,29.58,112.1,24.58,93,1004.7,48.865,train
1379,29.59,110.01,21.96,100,944.7,40.4454,train
1380,29.59,113.33,20.72,72,1004.1,37.7825,test
1381,29.6,112.46,26.59,100,1004.9,52.6366,train
1382,29.6,112.81,21.78,86,1001.1,55.0421,train
1383,29.61,110.47,22.1,100,945.5,41.2025,train
1384,29.62,110.6,23.08,94,980.7,50.9687,train
1385,29.63,110.36,23.37,100,982,43.4115,test
1386,29.63,112.74,14.71,55,1002,17.9899,train
1387,29.64,110.28,20.89,100,921.2,38.3132,train
1388,29.64,110.96,22.1,94,984.7,51.0112,train
1389,29.64,113.5,23.03,84,1004.6,39.7601,train
1390,29.65,109.86,20.94,99,937,39.4516,test
1391,29.65,110.09,21.2,93,954.9,39.8758,train
1392,29.65,113.62,20.51,80,1004,39.6082,train
1393,29.66,110.01,21.96,100,952.3,40.4454,train
1394,29.66,113.35,20.88,79,1003.8,40.3459,train
1395,29.67,109.83,15.21,87,893.5,33.2217,test
1396,29.67,111.73,23.31,83,1003.6,38.1,train
1397,29.68,110.15,23.37,100,961.2,58.5431,train
1398,29.68,111.14,16.8,71,928.2,33.0607,train
1399,29.68,111.66,23.59,82,1003.1,34.3782,train
1400,29.7,109.92,22.2,98,962.8,41.0546,test
1401,29.7,110.58,18.17,100,892.1,34.9998,train
1402,29.7,112.03,26.04,95,1004.1,42.1854,train
1403,29.71,110.19,19.8,96,921.8,41.0924,train
1404,29.71,111.54,23.56,87,999,47.2042,train
1405,29.73,109.8,19.1,98,933.9,35.711,test
1406,29.73,112.85,25.48,100,1003.6,57.0077,train
1407,29.74,110.02,16.82,100,886.8,34.3475,train
1408,29.74,113.44,23.18,91,1004.1,44.6415,train
1409,29.75,110.85,22.16,96,984.6,47.3296,train
1410,29.77,110.07,15.77,100,866.8,30.7502,test
1411,29.77,111.53,24.84,94,998.3,44.4253,train
1412,29.79,113.52,23.24,89,1004.5,42.7871,train
1413,29.81,111.12,20.99,86,940.6,45.6031,train
1414,29.82,111.59,22.2,83,996.3,46.074,train
1415,29.85,111.39,23.9,91,982.1,45.0675,test
1416,29.87,111.8,25.69,99,996.9,53.1996,train
1417,29.88,110.54,19.39,97,886.6,37.2599,train
1418,29.89,111.02,21.88,99,959.1,51.4204,train
1419,29.93,110.68,11.11,60,848.1,21.1932,train
1420,29.94,110.78,22.39,97,980.1,42.1469,test
1421,29.98,111.07,20.77,94,976.6,43.3238,train
