id,coodx,coody,z1,z2,z3,target,trend
0,0,0,1.476120736,0.622108946,2.622553588,2.855309791,0
1,1,0,1.653219876,0.607631467,2.553660217,2.953623898,0.075757576
2,2,0,1.801496801,0.574327786,2.477687698,3.02373107,0.151515152
3,3,0,1.914332158,0.52356547,2.395788498,3.064235006,0.227272727
4,4,0,1.984676434,0.456571111,2.309130373,3.073480629,0.303030303
5,5,0,2.005763979,0.374310118,2.218861556,3.049782947,0.378787879
6,6,0,1.97186927,0.277412779,2.126076752,2.991700726,0.454545455
7,7,0,1.879011415,0.166154074,2.031785226,2.898317926,0.53030303
8,8,0,1.725529116,0.040490238,1.936882187,2.769500632,0.606060606
9,9,0,1.512471431,-0.099849702,1.842124627,2.60610485,0.681818182
10,10,0,1.243775216,-0.25522392,1.748112547,2.410119281,0.757575758
11,11,0,0.926224135,-0.425900146,1.655276387,2.1847354,0.833333333
12,12,0,0.569203713,-0.611854805,1.563871203,1.934343802,0.909090909
13,13,0,0.184280654,-0.812565965,1.473977898,1.664460358,0.984848485
14,14,0,-0.215357344,-1.026818436,1.38551156,1.381588328,1.060606061
15,15,0,-0.6155617,-1.252539418,1.298236659,1.093023927,1.136363636
16,16,0,-1.001942874,-1.486681677,1.211788622,0.806613599,1.212121212
17,17,0,-1.36061051,-1.725168586,1.125701004,0.530472333,1.287878788
18,18,0,-1.67889446,-1.962911491,1.03943728,0.272674183,1.363636364
19,19,0,-1.94600691,-2.193905176,0.952426074,0.040928774,1.439393939
20,20,0,-2.153605212,-2.411401815,0.864098462,-0.157739302,1.515151515
21,21,0,-2.296215599,-2.608158303,0.773925915,-0.317288617,1.590909091
22,22,0,-2.371481382,-2.776746395,0.681457364,-0.432915563,1.666666667
23,23,0,-2.380207214,-2.90991025,0.586353883,-0.501245461,1.742424242
24,24,0,-2.326184344,-3.000951929,0.488419535,-0.520443746,1.818181818
25,25,0,-2.215800459,-3.04412257,0.38762705,-0.49023758,1.893939394
26,26,0,-2.057460052,-3.034995486,0.284137153,-0.41184732,1.96969697
27,27,0,-1.860864617,-2.970797454,0.178310586,-0.287837565,2.045454545
28,28,0,-1.636222663,-2.850676048,0.070712111,-0.121907461,2.121212121
29,29,0,-1.393473685,-2.675883846,-0.037893949,0.081352308,2.196969697
30,30,0,-1.141614378,-2.449864677,-0.146556747,0.316704386,2.272727273
31,31,0,-0.888207421,-2.178232375,-0.254160359,0.578480894,2.348484848
32,32,0,-0.639132646,-1.868638551,-0.359453149,0.860746371,2.424242424
33,33,0,-0.39860917,-1.530532236,-0.461084265,1.157393718,2.5
34,34,0,-0.169478853,-1.174820568,-0.557646214,1.462173183,2.575757576
35,35,0,0.046298268,-0.813445498,-0.647722202,1.768669156,2.651515152
36,36,0,0.247020993,-0.458896555,-0.729936768,2.07025264,2.727272727
37,37,0,0.430605182,-0.123683564,-0.803008043,2.360046084,2.803030303
38,38,0,0.594040867,0.180204241,-0.865799914,2.630939968,2.878787879
39,39,0,0.733056678,0.441825258,-0.917372311,2.875695846,2.954545455
40,40,0,0.842072889,0.651771856,-0.95702788,3.087158719,3.03030303
41,41,0,0.914482384,0.802591214,-0.984353381,3.258583923,3.106060606
42,42,0,0.943247673,0.889119399,-0.999254279,3.384062639,3.181818182
43,43,0,0.921749426,0.908712068,-1.001981228,3.459009009,3.257575758
44,44,0,0.844775951,0.861360753,-0.993147337,3.480654122,3.333333333
45,45,0,0.709511464,0.749689786,-0.973735428,3.448481164,3.409090909
46,46,0,0.516369557,0.578835217,-0.945094767,3.364534158,3.484848485
47,47,0,0.269529983,0.356213176,-0.908927095,3.233541012,3.560606061
48,48,0,-0.022929049,0.091190681,-0.867262087,3.062809745,3.636363636
49,49,0,-0.349358395,-0.205323348,-0.822422725,2.861882473,3.712121212
50,50,0,-0.69531725,-0.521345548,-0.776981347,2.641961965,3.787878788
51,51,0,-1.044730807,-0.844320293,-0.733707436,2.41515577,3.863636364
52,52,0,-1.381295754,-1.161631919,-0.695508458,2.193608946,3.939393939
53,53,0,-1.6899628,-1.461102644,-0.665365273,1.988614002,4.015151515
54,54,0,-1.958308793,-1.731453536,-0.646263789,1.809793107,4.090909091
55,55,0,-2.177620983,-1.962708697,-0.641124653,1.66444154,4.166666667
56,56,0,-2.343551851,-2.146526583,-0.652732821,1.557103159,4.242424242
57,57,0,-2.456259786,-2.276446834,-0.68366884,1.489420893,4.318181818
58,58,0,-2.520020557,-2.348045793,-0.736243641,1.460271422,4.393939394
59,59,0,-2.542366985,-2.358998865,-0.812438502,1.466158223,4.46969697
60,60,0,-2.532878625,-2.30905254,-0.913851727,1.501805873,4.545454545
61,61,0,-2.501790121,-2.199913275,-1.041653351,1.560875293,4.621212121
62,62,0,-2.45860932,-2.035063992,-1.196548988,1.636707825,4.696969697
63,63,0,-2.410930874,-1.819521806,-1.378753669,1.723007002,4.772727273
64,64,0,-2.363598975,-1.559552424,-1.58797625,1.814380435,4.848484848
65,65,0,-2.318319066,-1.262357616,-1.823414684,1.906687989,4.924242424
66,66,0,-2.273751074,-0.935752057,-2.083762197,1.997172717,5
67,67,0,-2.226046256,-0.58784499,-2.367224109,2.084383244,5.075757576
68,68,0,-2.169726602,-0.226740451,-2.671544809,2.167925606,5.151515152
69,69,0,-2.098759386,0.139732417,-2.994044154,2.248104668,5.227272727
70,70,0,-2.007656381,0.504250077,-3.331662357,2.325527172,5.303030303
71,71,0,-1.892430383,0.860180343,-3.681012275,2.400738719,5.378787879
72,72,0,-1.751269997,1.201719997,-4.038437853,2.473956061,5.454545455
73,73,0,-1.584841884,1.523983909,-4.4000774,2.54493599,5.53030303
74,74,0,-1.396190165,1.823047704,-4.761930303,2.612996525,5.606060606
75,75,0,-1.190265549,2.095948072,-5.119925774,2.67717905,5.681818182
76,76,0,-0.973172473,2.340646415,-5.469992226,2.736516041,5.757575758
77,77,0,-0.751262597,2.555962562,-5.808125923,2.790351612,5.833333333
78,78,0,-0.530221939,2.741485836,-6.130457612,2.838653933,5.909090909
79,79,0,-0.314294418,2.897470867,-6.433315967,2.882260556,5.984848485
80,80,0,-0.105758315,3.024725157,-6.71328674,2.923009125,6.060606061
81,81,0,0.095270975,3.12449478,-6.967266691,2.96372486,6.136363636
82,82,0,0.290691245,3.198353641,-7.192511479,3.008059084,6.212121212
83,83,0,0.483949744,3.248100663,-7.386676838,3.060196413,6.287878788
84,84,0,0.679344603,3.275668137,-7.547852512,3.124468141,6.363636364
85,85,0,0.881202586,3.283043329,-7.674588579,3.204922978,6.439393939
86,86,0,1.093057932,3.272204412,-7.76591388,3.304911686,6.515151515
87,87,0,1.316951011,3.245070855,-7.821346472,3.426738868,6.590909091
88,88,0,1.552941943,3.203467649,-7.840896072,3.571424127,6.666666667
89,89,0,1.798897912,3.149102137,-7.825058623,3.738598106,6.742424242
90,90,0,2.050570094,3.083551799,-7.774803187,3.926539465,6.818181818
91,91,0,2.301934035,3.008261034,-7.691551476,4.132339811,6.893939394
92,92,0,2.545732451,2.924544859,-7.577150421,4.352167877,6.96969697
93,93,0,2.77413664,2.833597396,-7.433838239,4.58159395,7.045454545
94,94,0,2.979434617,2.73650304,-7.264204556,4.815931931,7.121212121
95,95,0,3.154660538,2.634248379,-7.071145195,5.05055932,7.196969697
96,96,0,3.294098627,2.527733037,-6.85781231,5.281183779,7.272727273
97,97,0,3.393621206,2.417777906,-6.627560593,5.50403685,7.348484848
98,98,0,3.450849446,2.305129451,-6.383890368,5.715988441,7.424242424
99,99,0,3.465151784,2.190459142,-6.130388389,5.91458767,7.5
100,0,1,1.382612123,0.567674911,2.6083921,2.849420611,0.075757576
101,1,1,1.536221112,0.538533443,2.5363389,2.926963468,0.151515152
102,2,1,1.667036539,0.492176312,2.457353851,2.979981772,0.227272727
103,3,1,1.768640195,0.430082551,2.372659094,3.007279493,0.303030303
104,4,1,1.833908836,0.353538771,2.283492787,3.007251238,0.378787879
105,5,1,1.855754074,0.26351947,2.19107224,2.978121504,0.454545455
106,6,1,1.827924674,0.160616046,2.096557998,2.918239205,0.53030303
107,7,1,1.745772253,0.045021815,2.001020213,2.826388118,0.606060606
108,8,1,1.606895479,-0.083424271,1.90540858,2.702077659,0.681818182
109,9,1,1.411599649,-0.2251374,1.810526979,2.545785384,0.757575758
110,10,1,1.163133904,-0.380637195,1.717013838,2.359131179,0.833333333
111,11,1,0.867693228,-0.550359926,1.625328986,2.144971719,0.909090909
112,12,1,0.534194069,-0.734447677,1.535747562,1.907411291,0.984848485
113,13,1,0.173849074,-0.932532051,1.44836126,1.651730958,1.060606061
114,14,1,-0.200422029,-1.143531346,1.363086928,1.384242277,1.136363636
115,15,1,-0.574701447,-1.365480006,1.279682251,1.112074709,1.212121212
116,16,1,-0.934854527,-1.595407738,1.197767965,0.842908178,1.287878788
117,17,1,-1.267333625,-1.829282817,1.116855803,0.584664386,1.363636364
118,18,1,-1.55995424,-2.062030149,1.036381128,0.345172892,1.439393939
119,19,1,-1.802592978,-2.287629779,0.95573902,0.131830538,1.515151515
120,20,1,-1.987758156,-2.499296047,0.874322429,-0.048724885,1.590909091
121,21,1,-2.110987676,-2.68973192,0.791560897,-0.19090449,1.666666667
122,22,1,-2.171036512,-2.851447488,0.706958312,-0.290399896,1.742424242
123,23,1,-2.169828859,-2.977126673,0.620128166,-0.344337751,1.818181818
124,24,1,-2.112168041,-3.060022117,0.530824846,-0.351344162,1.893939394
125,25,1,-2.005219835,-3.094355354,0.438969623,-0.311514433,1.96969697
126,26,1,-1.857809895,-3.075697918,0.344670164,-0.226293817,2.045454545
127,27,1,-1.679600227,-3.00130914,0.248232625,-0.098285681,2.121212121
128,28,1,-1.480229422,-2.870407994,0.150165631,0.068986903,2.196969697
129,29,1,-1.268512556,-2.684359528,0.051175737,0.271333656,2.272727273
130,30,1,-1.051796378,-2.446760813,-0.047845721,0.504129085,2.348484848
131,31,1,-0.835551731,-2.163416825,-0.145844178,0.762492726,2.424242424
132,32,1,-0.623258549,-1.842202871,-0.241631265,1.04139513,2.5
133,33,1,-0.416601578,-1.492816631,-0.333921288,1.335680336,2.575757576
134,34,1,-0.215951885,-1.126429378,-0.421373672,1.640011572,2.651515152
135,35,1,-0.021066092,-0.75525182,-0.502640047,1.948763041,2.727272727
136,36,1,0.16810109,-0.392035174,-0.576414457,2.255894316,2.803030303
137,37,1,0.350598916,-0.049531992,-0.641485044,2.554852267,2.878787879
138,38,1,0.523830985,0.260056182,-0.696785456,2.838546709,2.954545455
139,39,1,0.683173582,0.52561627,-0.741444237,3.099439183,3.03030303
140,40,1,0.82194836,0.737618759,-0.774830449,3.329769656,3.106060606
141,41,1,0.931787019,0.888545217,-0.796593894,3.521925319,3.181818182
142,42,1,1.003368025,0.973226537,-0.806698471,3.668931748,3.257575758
143,43,1,1.027447153,0.989075076,-0.805447351,3.765023115,3.333333333
144,44,1,0.996053662,0.93619954,-0.793498957,3.806228762,3.409090909
145,45,1,0.903690289,0.817397724,-0.771872961,3.790901635,3.484848485
146,46,1,0.748363981,0.638028647,-0.741945864,3.720112338,3.560606061
147,47,1,0.532288198,0.405771877,-0.705435993,3.597841991,3.636363636
148,48,1,0.262135698,0.130287495,-0.664378126,3.430926982,3.712121212
149,49,1,-0.051221664,-0.177205005,-0.621088226,3.228736888,3.787878788
150,50,1,-0.393480358,-0.50440693,-0.578119112,3.0025996,3.863636364
151,51,1,-0.748103116,-0.838455361,-0.53820812,2.765020529,3.939393939
152,52,1,-1.097808539,-1.166447524,-0.504218105,2.528770949,4.015151515
153,53,1,-1.42616962,-1.475949654,-0.479073283,2.305939761,4.090909091
154,54,1,-1.719119668,-1.75546714,-0.465691592,2.107050344,4.166666667
155,55,1,-1.966173832,-1.994855691,-0.466915342,1.940338108,4.242424242
156,56,1,-2.161211559,-2.185657137,-0.485441965,1.811265604,4.318181818
157,57,1,-2.302724834,-2.321348023,-0.523756679,1.722322966,4.393939394
158,58,1,-2.393510376,-2.397494166,-0.584068796,1.673125946,4.46969697
159,59,1,-2.439860375,-2.411809372,-0.668253327,1.660786958,4.545454545
160,60,1,-2.450374725,-2.364121443,-0.777799338,1.680501401,4.621212121
161,61,1,-2.434567885,-2.256252945,-0.913766355,1.72626682,4.696969697
162,62,1,-2.40146823,-2.091828016,-1.076749874,1.791639503,4.772727273
163,63,1,-2.358403624,-1.876019319,-1.266856774,1.870433569,4.848484848
164,64,1,-2.310134722,-1.615251193,-1.483691177,1.957281162,4.924242424
165,65,1,-2.258442473,-1.316875983,-1.726351038,2.047996614,5
166,66,1,-2.202206879,-0.988840446,-1.993435445,2.13971878,5.075757576
167,67,1,-2.137940839,-0.639358216,-2.283062386,2.23083913,5.151515152
168,68,1,-2.060676999,-0.276602546,-2.592896469,2.320753827,5.227272727
169,69,1,-1.965056529,0.091568777,-2.920185872,2.40950136,5.303030303
170,70,1,-1.846443698,0.457847206,-3.261807601,2.497360123,5.378787879
171,71,1,-1.701892252,0.815659748,-3.61431998,2.584481177,5.454545455
172,72,1,-1.530817758,1.159304666,-3.97402116,2.670620523,5.53030303
173,73,1,-1.335279496,1.484036328,-4.337012334,2.755014803,5.606060606
174,74,1,-1.119837813,1.786101454,-4.699264327,2.836417871,5.681818182
175,75,1,-0.891018538,2.062731256,-5.056686153,2.913287523,5.757575758
176,76,1,-0.656474741,2.312095536,-5.405194187,2.984086321,5.833333333
177,77,1,-0.42397938,2.533226009,-5.740780617,3.047641691,5.909090909
178,78,1,-0.200403928,2.725916633,-6.059579919,3.103501101,5.984848485
179,79,1,0.009164353,2.89060887,-6.357932176,3.152219211,6.060606061
180,80,1,0.202039118,3.028269415,-6.632442179,3.195524905,6.136363636
181,81,1,0.378201584,3.140267198,-6.880033362,3.236335038,6.212121212
182,82,1,0.540187138,3.228255507,-7.097995747,3.278605257,6.287878788
183,83,1,0.6926181,3.294063884,-7.284027231,3.32703264,6.363636364
184,84,1,0.841458526,3.339603233,-7.436267645,3.386646377,6.439393939
185,85,1,0.993103041,3.366786328,-7.553325189,3.462338053,6.515151515
186,86,1,1.153429509,3.377464766,-7.634294954,3.558390357,6.590909091
187,87,1,1.326943339,3.373382383,-7.678769371,3.678061501,6.666666667
188,88,1,1.51612094,3.356144282,-7.686840567,3.823272978,6.742424242
189,89,1,1.721025621,3.327199968,-7.659094674,3.994432568,6.818181818
190,90,1,1.939227248,3.287838559,-7.596598312,4.190405348,6.893939394
191,91,1,2.166014103,3.239193754,-7.500877488,4.408626075,6.96969697
192,92,1,2.394848254,3.182256052,-7.373889324,4.645329523,7.045454545
193,93,1,2.617989285,3.117889713,-7.217987035,4.895863471,7.121212121
194,94,1,2.827198425,3.046851995,-7.035878748,5.155043263,7.196969697
195,95,1,3.014436311,2.969812409,-6.830580741,5.417507461,7.272727273
196,96,1,3.172480933,2.887369955,-6.60536584,5.678040131,7.348484848
197,97,1,3.29541398,2.800066598,-6.36370772,5.931835114,7.424242424
198,98,1,3.378949177,2.708395624,-6.109221952,6.174689119,7.5
199,99,1,3.420600468,2.612803899,-5.845604703,6.403121518,7.575757576
200,0,2,1.231952028,0.51585546,2.582775686,2.811304721,0.151515152
201,1,2,1.362458464,0.471304689,2.507967869,2.868127973,0.227272727
202,2,2,1.476578048,0.411200334,2.426306124,2.904257293,0.303030303
203,3,2,1.567975869,0.337177122,2.339076615,2.918664457,0.378787879
204,4,2,1.629353388,0.250621314,2.247583056,2.909766608,0.454545455
205,5,2,1.653230005,0.152550155,2.153108014,2.875682403,0.53030303
206,6,2,1.632802687,0.043542651,2.05687531,2.814551939,0.606060606
207,7,2,1.562778546,-0.076271179,1.960014871,2.724878355,0.681818182
208,8,2,1.440087737,-0.20716015,1.863531365,2.60585195,0.757575758
209,9,2,1.264405284,-0.349683453,1.768277795,2.457624272,0.833333333
210,10,2,1.038436177,-0.504531426,1.674935057,2.28150838,0.909090909
211,11,2,0.767944481,-0.672327509,1.583998248,2.080090657,0.984848485
212,12,2,0.461531327,-0.85340702,1.495770279,1.857248177,1.060606061
213,13,2,0.130186501,-1.047590942,1.410363048,1.618072895,1.136363636
214,14,2,-0.213346636,-1.25397419,1.327706165,1.368709778,1.212121212
215,15,2,-0.555342803,-1.470747675,1.247562917,1.116120457,1.287878788
216,16,2,-0.881946363,-1.695071913,1.169552894,0.867787618,1.363636364
217,17,2,-1.180042467,-1.923016969,1.093180412,0.631378415,1.439393939
218,18,2,-1.438086048,-2.149579443,1.017867677,0.41438787,1.515151515
219,19,2,-1.646827864,-2.368782151,0.942991387,0.223785466,1.590909091
220,20,2,-1.799880469,-2.573856553,0.867921365,0.06568944,1.666666667
221,21,2,-1.894074491,-2.757502162,0.792059707,-0.054906968,1.742424242
222,22,2,-1.929567877,-2.912211541,0.714878858,-0.134335435,1.818181818
223,23,2,-1.909688293,-3.03064444,0.635957111,-0.170361912,1.893939394
224,24,2,-1.840511553,-3.106030514,0.555010027,-0.162196442,1.96969697
225,25,2,-1.730205147,-3.132577175,0.471916466,-0.110404568,2.045454545
226,26,2,-1.588193252,-3.105857693,0.386738048,-0.016732716,2.121212121
227,27,2,-1.42422435,-3.023154796,0.299731154,0.116129059,2.196969697
228,28,2,-1.247440836,-2.883736732,0.211350764,0.284814671,2.272727273
229,29,2,-1.06555787,-2.689046009,0.122245791,0.485542553,2.348484848
230,30,2,-0.884253526,-2.442785558,0.033245836,0.714331828,2.424242424
231,31,2,-0.706852729,-2.150892683,-0.054660393,0.967142674,2.5
232,32,2,-0.534354572,-1.821397476,-0.14035442,1.2399209,2.575757576
233,33,2,-0.365809619,-1.464169004,-0.222624271,1.528542593,2.651515152
234,34,2,-0.199005912,-1.090559125,-0.300206537,1.828672667,2.727272727
235,35,2,-0.031376275,-0.712959839,-0.371832906,2.13556865,2.803030303
236,36,2,0.138997806,-0.344295253,-0.436279637,2.443875021,2.878787879
237,37,2,0.312432627,0.00252676,-0.492418308,2.747461212,2.954545455
238,38,2,0.486888314,0.315175584,-0.539266124,3.039356147,3.03030303
239,39,2,0.657544536,0.582442974,-0.576034035,3.311823045,3.106060606
240,40,2,0.816796333,0.79474434,-0.602170958,3.556600841,3.181818182
241,41,2,0.954705044,0.944550539,-0.617402509,3.76531497,3.257575758
242,42,2,1.059875332,1.02672824,-0.621762798,3.930033518,3.333333333
243,43,2,1.120665697,1.038771845,-0.615618059,4.043918912,3.409090909
244,44,2,1.12658624,0.98091579,-0.599681106,4.101904297,3.484848485
245,45,2,1.06970221,0.856122436,-0.575015917,4.101311348,3.560606061
246,46,2,0.945851126,0.669947328,-0.543031933,4.042324821,3.636363636
247,47,2,0.755497787,0.43028996,-0.505467984,3.928249772,3.712121212
248,48,2,0.504093804,0.147043953,-0.464366056,3.765499293,3.787878788
249,49,2,0.20187131,-0.168334553,-0.422035455,3.563291194,3.863636364
250,50,2,-0.136924469,-0.503317777,-0.381008184,3.333067484,3.939393939
251,51,2,-0.495282523,-0.844831496,-0.343986639,3.087685885,4.015151515
252,52,2,-0.85500516,-1.179788681,-0.313784947,2.840462822,4.090909091
253,53,2,-1.1984235,-1.495606137,-0.293265461,2.60416817,4.166666667
254,54,2,-1.510033539,-1.780680527,-0.285272065,2.390080011,4.242424242
255,55,2,-1.77784672,-2.024803181,-0.292562034,2.207201619,4.318181818
256,56,2,-1.994287765,-2.219497113,-0.317738237,2.061723295,4.393939394
257,57,2,-2.156535052,-2.358264333,-0.363183423,1.956781142,4.46969697
258,58,2,-2.266275982,-2.436736669,-0.430998314,1.892527644,4.545454545
259,59,2,-2.328930378,-2.452728522,-0.522945064,1.866490053,4.621212121
260,60,2,-2.352467247,-2.406194963,-0.640397518,1.874157674,4.696969697
261,61,2,-2.345993645,-2.299103099,-0.784299496,1.909712899,4.772727273
262,62,2,-2.318321356,-2.135228451,-0.955132105,1.966806842,4.848484848
263,63,2,-2.276713773,-1.919891043,-1.152890852,2.0392805,4.924242424
264,64,2,-2.225982861,-1.659647806,-1.377073038,2.121745977,5
265,65,2,-2.168049452,-1.361958861,-1.626675697,2.209967378,5.075757576
266,66,2,-2.102008273,-1.034845141,-1.900204038,2.301013286,5.151515152
267,67,2,-2.024662971,-0.686553764,-2.195690128,2.393187558,5.227272727
268,68,2,-1.931427445,-0.325245812,-2.510721302,2.485777165,5.303030303
269,69,2,-1.817438081,0.041281355,-2.842477579,2.578680418,5.378787879
270,70,2,-1.678694464,0.405827914,-3.187777187,2.671992705,5.454545455
271,71,2,-1.513047171,0.761975387,-3.543129123,2.765628243,5.53030303
272,72,2,-1.320879482,1.104217375,-3.904791585,2.8590455,5.606060606
273,73,2,-1.105380333,1.4280372,-4.268834984,2.951123091,5.681818182
274,74,2,-0.872370319,1.729935065,-4.631208241,3.040205597,5.757575758
275,75,2,-0.629710941,2.007409648,-4.987806998,3.124309434,5.833333333
276,76,2,-0.386389245,2.258900698,-5.334542424,3.20145213,5.909090909
277,77,2,-0.151416325,2.483700448,-5.667409319,3.270048246,5.984848485
278,78,2,0.067297438,2.681842197,-5.98255227,3.329304578,6.060606061
279,79,2,0.263927946,2.853974518,-6.276328711,3.379547432,6.136363636
280,80,2,0.43544559,3.00122914,-6.545367836,3.422425318,6.212121212
281,81,2,0.581951344,3.12508976,-6.786624417,3.46094935,6.287878788
282,82,2,0.706601499,3.227267967,-6.997426697,3.499357757,6.363636364
283,83,2,0.81514038,3.309591203,-7.175517678,3.542816349,6.439393939
284,84,2,0.91511355,3.373906302,-7.319089216,3.596989708,6.515151515
285,85,2,1.014874066,3.422000854,-7.426808507,3.667534973,6.590909091
286,86,2,1.122516353,3.4555433,-7.497836616,3.75957914,6.666666667
287,87,2,1.244874181,3.476041604,-7.531838897,3.877240939,6.742424242
288,88,2,1.386702174,3.484819335,-7.528987204,4.023250134,6.818181818
289,89,2,1.550128206,3.483007276,-7.489953946,4.19870223,6.893939394
290,90,2,1.734422848,3.471548128,-7.415898134,4.402967808,6.96969697
291,91,2,1.93608848,3.451211503,-7.308443687,4.633755936,7.045454545
292,92,2,2.149231288,3.42261628,-7.169650331,4.887313348,7.121212121
293,93,2,2.366149407,3.386257342,-7.001977567,5.158727593,7.196969697
294,94,2,2.5780531,3.342533878,-6.808242243,5.442294615,7.272727273
295,95,2,2.775828944,3.291776633,-6.591570362,5.731909506,7.348484848
296,96,2,2.950768243,3.234271844,-6.35534386,6.021443005,7.424242424
297,97,2,3.095196965,3.170279949,-6.103143149,6.305074098,7.5
298,98,2,3.202966376,3.100047659,-5.838686305,6.577559037,7.575757576
299,99,2,3.2697858,3.023812413,-5.56576586,6.834427302,7.651515152
300,0,3,1.041948404,0.47067072,2.546685797,2.751821987,0.227272727
301,1,3,1.14994764,0.41002492,2.469487905,2.788074063,0.303030303
302,2,3,1.247854584,0.335552305,2.385440692,2.80739627,0.378787879
303,3,3,1.329347739,0.249086506,2.295889307,2.808917033,0.454545455
304,4,3,1.386915086,0.152151197,2.202198758,2.791076631,0.53030303
305,5,3,1.412687427,0.045837368,2.105713629,2.751904176,0.606060606
306,6,3,1.399360747,-0.069265252,2.007718998,2.68936491,0.681818182
307,7,3,1.341095647,-0.193075559,1.909403967,2.601732618,0.757575758
308,8,3,1.234293515,-0.325965086,1.811829162,2.48794443,0.833333333
309,9,3,1.078170238,-0.468641621,1.715899381,2.347901799,0.909090909
310,10,3,0.875074949,-0.621980457,1.622342427,2.182690504,0.984848485
311,11,3,0.630529592,-0.786815804,1.531694901,1.994702554,1.060606061
312,12,3,0.352991892,-0.963708587,1.444295476,1.787652603,1.136363636
313,13,3,0.053367415,-1.152709453,1.360285917,1.566490272,1.212121212
314,14,3,-0.255685215,-1.353136992,1.279619785,1.337217057,1.287878788
315,15,3,-0.560598414,-1.563391048,1.2020785,1.106622447,1.363636364
316,16,3,-0.847822514,-1.78081923,1.127294127,0.881958643,1.439393939
317,17,3,-1.104763939,-2.001651765,1.054778009,0.670576921,1.515151515
318,18,3,-1.320661781,-2.221015533,0.983954131,0.479551517,1.590909091
319,19,3,-1.487332313,-2.433032976,0.914195907,0.315318517,1.666666667
320,20,3,-1.599717463,-2.63100584,0.844864949,0.183357331,1.742424242
321,21,3,-1.65618481,-2.807677745,0.775350261,0.087940446,1.818181818
322,22,3,-1.658543515,-2.955563851,0.705106316,0.031972651,1.893939394
323,23,3,-1.611763033,-3.067330761,0.633688448,0.016933778,1.96969697
324,24,3,-1.523408437,-3.136205617,0.560784111,0.042929267,2.045454545
325,25,3,-1.402835744,-3.156390452,0.486238675,0.108841318,2.121212121
326,26,3,-1.260219784,-3.123456418,0.410074646,0.212561302,2.196969697
327,27,3,-1.105511876,-3.034692695,0.332503386,0.351273087,2.272727273
328,28,3,-0.947440926,-2.889386661,0.253928727,0.521748859,2.348484848
329,29,3,-0.792675718,-2.689015258,0.174942124,0.720615514,2.424242424
330,30,3,-0.645255835,-2.437332104,0.096309339,0.944552031,2.5
331,31,3,-0.50637304,-2.140340675,0.018948918,1.190386708,2.575757576
332,32,3,-0.374545924,-1.806150278,-0.056096926,1.455077356,2.651515152
333,33,3,-0.246181922,-1.44471831,-0.127698165,1.735575778,2.727272727
334,34,3,-0.116468524,-1.067488938,-0.194678409,2.028597802,2.803030303
335,35,3,0.01951324,-0.686944462,-0.255860593,2.330338727,2.878787879
336,36,3,0.165597849,-0.316090891,-0.310115395,2.636188255,2.954545455
337,37,3,0.323432097,0.032096769,-0.356410725,2.940505945,3.03030303
338,38,3,0.491623583,0.345241394,-0.393860581,3.236516368,3.106060606
339,39,3,0.665280186,0.612113791,-0.421771547,3.516371536,3.181818182
340,40,3,0.836033857,0.823137594,-0.439685293,3.771408041,3.257575758
341,41,3,0.992579974,0.970823066,-0.447415493,3.992599756,3.333333333
342,42,3,1.121693314,1.050107664,-0.445077788,4.171177542,3.409090909
343,43,3,1.209613187,1.058586262,-0.433111614,4.299359363,3.484848485
344,44,3,1.243633357,0.996619889,-0.41229294,4.371111867,3.560606061
345,45,3,1.213696021,0.867318347,-0.383737287,4.382851584,3.636363636
346,46,3,1.113779329,0.676398743,-0.348892647,4.333992963,3.712121212
347,47,3,0.942887386,0.431928435,-0.309522282,4.227262489,3.787878788
348,48,3,0.705498513,0.143966731,-0.267677646,4.068722038,3.863636364
349,49,3,0.411396008,-0.175875376,-0.225662028,3.867477766,3.939393939
350,50,3,0.074886494,-0.5149344,-0.185985743,3.635088807,4.015151515
351,51,3,-0.286507141,-0.860027052,-0.151313996,3.384727833,4.090909091
352,52,3,-0.653719886,-1.197990072,-0.124408736,3.130177799,4.166666667
353,53,3,-1.007977299,-1.516201353,-0.108066012,2.884771198,4.242424242
354,54,3,-1.332556509,-1.803058452,-0.10505044,2.660386765,4.318181818
355,55,3,-1.614255524,-2.048393674,-0.118028523,2.466612186,4.393939394
356,56,3,-1.844391789,-2.24380905,-0.149502525,2.310160805,4.46969697
357,57,3,-2.019216746,-2.382919367,-0.201746645,2.194598253,4.545454545
358,58,3,-2.139714382,-2.461496616,-0.276747102,2.120395785,4.621212121
359,59,3,-2.210836601,-2.47751457,-0.376147667,2.085286329,4.696969697
360,60,3,-2.240304454,-2.431097296,-0.501202014,2.084862491,4.772727273
361,61,3,-2.237160814,-2.324380004,-0.652734038,2.113328092,4.848484848
362,62,3,-2.210288947,-2.161294522,-0.831107111,2.16429992,4.924242424
363,63,3,-2.167108844,-1.947294634,-1.036202979,2.231556112,5
364,64,3,-2.112629936,-1.689038498,-1.267410768,2.309641512,5.075757576
365,65,3,-2.048980368,-1.394046216,-1.523626301,2.394266226,5.151515152
366,66,3,-1.975458498,-1.070350511,-1.803261681,2.482467147,5.227272727
367,67,3,-1.889072973,-0.726157334,-2.104264861,2.572538481,5.303030303
368,68,3,-1.785465623,-0.369531327,-2.424148687,2.663770759,5.378787879
369,69,3,-1.66005687,-0.008118485,-2.760028701,2.756063765,5.454545455
370,70,3,-1.509224324,0.351084644,-3.108668825,2.849493566,5.53030303
371,71,3,-1.331325131,0.701909133,-3.466533883,2.943915757,5.606060606
372,72,3,-1.127400986,1.039136411,-3.829847817,3.038676223,5.681818182
373,73,3,-0.901456332,1.358565837,-4.194656363,3.132479426,5.757575758
374,74,3,-0.660266853,1.657030203,-4.556892903,3.223435967,5.833333333
375,75,3,-0.412746641,1.932364556,-4.91244619,3.309280643,5.909090909
376,76,3,-0.16896747,2.183335518,-5.257228638,3.387724029,5.984848485
377,77,3,0.061026787,2.409539482,-5.587243935,3.456879122,6.060606061
378,78,3,0.2684404,2.611278643,-5.898652739,3.515692698,6.136363636
379,79,3,0.446808821,2.789423883,-6.187835353,3.564310236,6.212121212
380,80,3,0.592795815,2.945273043,-6.451450323,3.604313347,6.287878788
381,81,3,0.706599474,3.08041225,-6.686488015,3.638787513,6.363636364
382,82,3,0.791918604,3.196586804,-6.890318357,3.67220257,6.439393939
383,83,3,0.855491938,3.295586712,-7.06073203,3.710114825,6.515151515
384,84,3,0.906278961,3.37915051,-7.19597451,3.75872395,6.590909091
385,85,3,0.954395012,3.448889515,-7.294772518,3.824336562,6.666666667
386,86,3,1.009939337,3.50623328,-7.356352507,3.912799161,6.742424242
387,87,3,1.081860417,3.552395759,-7.380450984,4.028964856,6.818181818
388,88,3,1.176988979,3.588360675,-7.367316546,4.176251465,6.893939394
389,89,3,1.299339183,3.614883729,-7.317703644,4.356334609,6.96969697
390,90,3,1.449738074,3.632508735,-7.232858206,4.569001012,7.045454545
391,91,3,1.625799314,3.641594363,-7.114495331,4.812167162,7.121212121
392,92,3,1.82221582,3.642348047,-6.964769416,5.082049889,7.196969697
393,93,3,2.031312689,3.63486363,-6.786237149,5.373460421,7.272727273
394,94,3,2.243780212,3.619159491,-6.581813915,5.680183906,7.348484848
395,95,3,2.449498143,3.595214222,-6.354724276,5.995402596,7.424242424
396,96,3,2.638365756,3.562997335,-6.108447259,6.312122569,7.5
397,97,3,2.801065071,3.522492969,-5.846657293,6.623569796,7.575757576
398,98,3,2.929703097,3.473715099,-5.57316172,6.92352988,7.651515152
399,99,3,3.018299288,3.416713384,-5.291835885,7.206615158,7.727272727
400,0,4,0.829312902,0.435568638,2.501305307,2.68117102,0.303030303
401,1,4,0.915360861,0.358229712,2.4220415,2.697002163,0.378787879
402,2,4,0.997063461,0.268872905,2.335857125,2.699413958,0.454545455
403,3,4,1.068091756,0.169571377,2.244151824,2.687701226,0.53030303
404,4,4,1.120743405,0.062020611,2.14834817,2.660353941,0.606060606
405,5,4,1.14683204,-0.052587706,2.049850012,2.615356434,0.681818182
406,6,4,1.138671834,-0.173634589,1.950002124,2.550561426,0.757575758
407,7,4,1.090038428,-0.301078466,1.850052596,2.464090607,0.833333333
408,8,4,0.996998554,-0.435393772,1.751119348,2.354715592,0.909090909
409,9,4,0.858522256,-0.577446781,1.654161959,2.22217982,0.984848485
410,10,4,0.676819638,-0.728317174,1.559959838,2.067431439,1.060606061
411,11,4,0.457374475,-0.889078435,1.469097512,1.892748218,1.136363636
412,12,4,0.208676605,-1.060553933,1.381957541,1.701746463,1.212121212
413,13,4,-0.058318764,-1.243068103,1.298721293,1.499276036,1.287878788
414,14,4,-0.330955189,-1.436213371,1.219377487,1.291212332,1.363636364
415,15,4,-0.595796757,-1.638653198,1.143738159,1.084163217,1.439393939
416,16,4,-0.839630741,-1.847979838,1.071461379,0.885114597,1.515151515
417,17,4,-1.050468646,-2.060642278,1.002079812,0.701042403,1.590909091
418,18,4,-1.218462242,-2.271955407,0.935033981,0.538521429,1.666666667
419,19,4,-1.336655459,-2.476196221,0.869708905,0.403362286,1.742424242
420,20,4,-1.401502679,-2.666786932,0.805472657,0.300306585,1.818181818
421,21,4,-1.413099513,-2.836558834,0.741715275,0.232806721,1.893939394
422,22,4,-1.375093679,-2.978084911,0.677886486,0.202910229,1.96969697
423,23,4,-1.29427058,-3.084063946,0.613530689,0.211259464,2.045454545
424,24,4,-1.179839192,-3.147734696,0.548317752,0.257205896,2.121212121
425,25,4,-1.042476374,-3.163295727,0.482068345,0.33902546,2.196969697
426,26,4,-0.893218146,-3.126305089,0.414772691,0.454208738,2.272727273
427,27,4,-0.742310861,-3.034034235,0.346601872,0.599788883,2.348484848
428,28,4,-0.598149165,-2.885752406,0.277911116,0.772663132,2.424242424
429,29,4,-0.466427898,-2.682921129,0.209234743,0.969861986,2.5
430,30,4,-0.349619503,-2.429283235,0.141272796,1.188724707,2.575757576
431,31,4,-0.246856958,-2.130836612,0.074869669,1.426950936,2.651515152
432,32,4,-0.154257263,-1.795689481,0.010985349,1.682514962,2.727272727
433,33,4,-0.065666511,-1.433800811,-0.04933983,1.953449771,2.803030303
434,34,4,0.026248667,-1.056616237,-0.10502578,2.237529651,2.878787879
435,35,4,0.128689452,-0.676616048,-0.15499724,2.531899655,2.954545455
436,36,4,0.247357049,-0.306797114,-0.198230834,2.832714398,3.03030303
437,37,4,0.385211245,0.039885367,-0.233802978,3.134854756,3.106060606
438,38,4,0.541532477,0.351087825,-0.260936956,3.431787298,3.181818182
439,39,4,0.711434514,0.615630628,-0.279047491,3.715617354,3.257575758
440,40,4,0.885922605,0.824004154,-0.287781187,3.977363601,3.333333333
441,41,4,1.052523443,0.968802466,-0.287051358,4.207452705,3.409090909
442,42,4,1.196437373,1.04506233,-0.277065896,4.396400583,3.484848485
443,43,4,1.302090191,1.050490468,-0.258347067,4.535616859,3.560606061
444,44,4,1.354902349,0.98556797,-0.23174236,4.618245603,3.636363636
445,45,4,1.343056259,0.85352745,-0.19842579,4.639942247,3.712121212
446,46,4,1.259034098,0.660205234,-0.159889366,4.599486398,3.787878788
447,47,4,1.100721178,0.413777459,-0.117924711,4.499143725,3.863636364
448,48,4,0.87192148,0.124394825,-0.074595163,4.344716186,3.939393939
449,49,4,0.58220589,-0.196264274,-0.032198943,4.145255444,4.015151515
450,50,4,0.246100178,-0.535498755,0.006775737,3.912454858,4.090909091
451,51,4,-0.118293241,-0.880122143,0.039702505,3.65977548,4.166666667
452,52,4,-0.491070364,-1.217005421,0.063874292,3.401395523,4.242424242
453,53,4,-0.852475359,-1.533599318,0.076564934,3.151095891,4.318181818
454,54,4,-1.184780449,-1.818411897,0.075093318,2.921203249,4.393939394
455,55,4,-1.473862497,-2.061420575,0.056888407,2.721705252,4.46969697
456,56,4,-1.710286323,-2.254401908,0.01955345,2.559630848,4.545454545
457,57,4,-1.889774147,-2.391167457,-0.039072268,2.43875481,4.621212121
458,58,4,-2.013026044,-2.467699375,-0.120855718,2.359644571,4.696969697
459,59,4,-2.084945429,-2.482184804,-0.227317925,2.320024676,4.772727273
460,60,4,-2.11340364,-2.434953332,-0.359588559,2.315395633,4.848484848
461,61,4,-2.107737202,-2.328326452,-0.518368436,2.339814936,4.924242424
462,62,4,-2.077201942,-2.166391878,-0.703900825,2.386732304,5
463,63,4,-2.029605936,-1.95471851,-0.915952215,2.449770763,5.075757576
464,64,4,-1.970309085,-1.700029829,-1.153802978,2.523359546,5.151515152
465,65,4,-1.901716594,-1.409854286,-1.416248085,2.603151591,5.227272727
466,66,4,-1.823316202,-1.092171065,-1.701607828,2.686193346,5.303030303
467,67,4,-1.732226421,-0.75506836,-2.007748238,2.770852305,5.378787879
468,68,4,-1.624147552,-0.406429292,-2.332110711,2.856542799,5.454545455
469,69,4,-1.494549922,-0.053657888,-2.671750113,2.943317728,5.53030303
470,70,4,-1.33990253,0.296545621,-3.023380537,3.031409824,5.606060606
471,71,4,-1.158744191,0.638354278,-3.38342767,3.120808415,5.681818182
472,72,4,-0.952427548,0.96692618,-3.748086684,3.210946979,5.757575758
473,73,4,-0.725419083,1.278459277,-4.113384443,3.300555009,5.833333333
474,74,4,-0.48510693,1.5701928,-4.475244788,3.387698574,5.909090909
475,75,4,-0.241142288,1.840361307,-4.829555635,3.470002238,5.984848485
476,76,4,-0.004408515,2.088109164,-5.172236633,3.545015407,6.060606061
477,77,4,0.214235326,2.31337446,-5.49930614,3.610663299,6.136363636
478,78,4,0.405259659,2.516751944,-5.806946352,3.665709509,6.212121212
479,79,4,0.561637739,2.69934455,-6.091565466,3.710155472,6.287878788
480,80,4,0.679728464,2.862612515,-6.34985584,3.745511498,6.363636364
481,81,4,0.759753387,3.00822816,-6.578847241,3.774892909,6.439393939
482,82,4,0.805810265,3.137943055,-6.775954318,3.80291977,6.515151515
483,83,4,0.825428561,3.253472803,-6.939017606,3.835426006,6.590909091
484,84,4,0.828731484,3.356403069,-7.066337431,3.879009211,6.666666667
485,85,4,0.827316569,3.448118845,-7.156700247,3.940472657,6.742424242
486,86,4,0.832996448,3.529757459,-7.209397006,4.026223427,6.818181818
487,87,4,0.856550749,3.602184466,-7.224233326,4.141693849,6.893939394
488,88,4,0.906629108,3.665990432,-7.201531311,4.290847863,6.96969697
489,89,4,0.988917469,3.72150575,-7.142122989,4.475820932,7.045454545
490,90,4,1.105640486,3.76882999,-7.047335488,4.696724066,7.121212121
491,91,4,1.255428382,3.807871907,-6.918968138,4.951622387,7.196969697
492,92,4,1.43353364,3.838396123,-6.759261837,5.236679267,7.272727273
493,93,4,1.632346817,3.860072544,-6.570861115,5.546440891,7.348484848
494,94,4,1.842135471,3.872524842,-6.356769461,5.87422487,7.424242424
495,95,4,2.051917237,3.875374733,-6.12029856,6.212570831,7.5
496,96,4,2.250377108,3.868279299,-5.865012222,6.553710731,7.575757576
497,97,4,2.426747769,3.850959191,-5.594665869,6.890020789,7.651515152
498,98,4,2.571587201,3.823216234,-5.313142557,7.214424127,7.727272727
499,99,4,2.677406083,3.78493964,-5.024386569,7.520721709,7.803030303
500,0,5,0.608267707,0.413311547,2.447987851,2.608182334,0.378787879
501,1,5,0.672649038,0.318799875,2.366943622,2.603659018,0.454545455
502,2,5,0.73753791,0.214181778,2.278830655,2.588828812,0.53030303
503,3,5,0.796623672,0.10180649,2.185099081,2.563181632,0.606060606
504,4,5,0.842091718,-0.016429038,2.087225745,2.52530597,0.681818182
505,5,5,0.865567395,-0.139210726,1.986671405,2.473209232,0.757575758
506,6,5,0.859156834,-0.265877401,1.884839307,2.404715556,0.833333333
507,7,5,0.816459306,-0.396423387,1.783036629,2.317889871,0.909090909
508,8,5,0.733436946,-0.531431931,1.682440146,2.211439039,0.984848485
509,9,5,0.609050105,-0.671943197,1.584067359,2.085047873,1.060606061
510,10,5,0.445596075,-0.819265803,1.488754065,1.939617993,1.136363636
511,11,5,0.248721645,-0.974745579,1.397139169,1.777389352,1.212121212
512,12,5,0.027112146,-1.139509015,1.309657199,1.601936402,1.287878788
513,13,5,-0.208111242,-1.314201476,1.226538747,1.418042259,1.363636364
514,14,5,-0.444229921,-1.498741444,1.147818728,1.231464189,1.439393939
515,15,5,-0.667927616,-1.692111733,1.073352051,1.048611952,1.515151515
516,16,5,-0.866364681,-1.892206779,1.002836042,0.876166856,1.590909091
517,17,5,-1.028234103,-2.095751827,0.935838668,0.720673714,1.666666667
518,18,5,-1.144706371,-2.298305361,0.871831399,0.588140195,1.742424242
519,19,5,-1.210176769,-2.494350695,0.810225386,0.483678037,1.818181818
520,20,5,-1.222741581,-2.677476603,0.750409468,0.411218026,1.893939394
521,21,5,-1.184349232,-2.840640728,0.691788481,0.373325213,1.96969697
522,22,5,-1.100598339,-2.976503523,0.633820305,0.371132519,2.045454545
523,23,5,-0.980185835,-3.077815186,0.576050129,0.404399837,2.121212121
524,24,5,-0.834042909,-3.137833771,0.518140529,0.471692712,2.196969697
525,25,5,-0.6742314,-3.150749683,0.459896087,0.570660791,2.272727273
526,26,5,-0.51270461,-3.112090325,0.401281492,0.698383168,2.348484848
527,27,5,-0.360060012,-3.019078912,0.342432293,0.851737265,2.424242424
528,28,5,-0.224422743,-2.870923367,0.28365777,1.027741942,2.5
529,29,5,-0.110594974,-2.669014659,0.225435646,1.223825539,2.575757576
530,30,5,-0.019585424,-2.417018819,0.168398697,1.437976415,2.651515152
531,31,5,0.051403867,-2.120852778,0.113313611,1.66874715,2.727272727
532,32,5,0.108507056,-1.78854079,0.061052731,1.915102798,2.803030303
533,33,5,0.160272605,-1.429955179,0.012559598,2.176126236,2.878787879
534,34,5,0.216381971,-1.056451922,-0.031190557,2.450616811,2.954545455
535,35,5,0.286153494,-0.680417892,-0.069234025,2.736638686,3.03030303
536,36,5,0.377013595,-0.314751862,-0.100664039,3.031089291,3.106060606
537,37,5,0.493133437,0.027694524,-0.124676799,3.329363265,3.181818182
538,38,5,0.634419733,0.334687096,-0.140616463,3.625181705,3.257575758
539,39,5,0.796012914,0.595161186,-0.148017486,3.910640169,3.333333333
540,40,5,0.968387541,0.799726596,-0.146642731,4.17650321,3.409090909
541,41,5,1.138075301,0.94109919,-0.136515925,4.412741151,3.484848485
542,42,5,1.288949745,1.014436837,-0.117947209,4.609270578,3.560606061
543,43,5,1.403934932,1.017562617,-0.091550696,4.756828307,3.636363636
544,44,5,1.466938441,0.951064395,-0.058253263,4.847884172,3.712121212
545,45,5,1.464771993,0.818266522,-0.019294034,4.877484827,3.787878788
546,46,5,1.388816463,0.625076296,0.023785694,4.84392138,3.863636364
547,47,5,1.236214248,0.379714372,0.069162019,4.749128817,3.939393939
548,48,5,1.010428302,0.09234427,0.114757153,4.59875339,4.015151515
549,49,5,0.721086517,-0.225378903,0.158276664,4.401862178,4.090909091
550,50,5,0.383121981,-0.560816666,0.197254355,4.170311979,4.166666667
551,51,5,0.015311492,-0.900886109,0.229103671,3.917836866,4.242424242
552,52,5,-0.361606462,-1.232602596,0.251174315,3.658949308,4.318181818
553,53,5,-0.726998277,-1.543599882,0.260812636,3.407773789,4.393939394
554,54,5,-1.062327619,-1.82260347,0.255424211,3.176940773,4.46969697
555,55,5,-1.352827475,-2.059836326,0.232537004,2.976661378,4.545454545
556,56,5,-1.588651949,-2.24734047,0.189863487,2.81408006,4.621212121
557,57,5,-1.765381103,-2.379202985,0.12536011,2.692967106,4.696969697
558,58,5,-1.883841953,-2.451680478,0.037282632,2.613769639,4.772727273
559,59,5,-1.949302209,-2.463221505,-0.075764095,2.573995111,4.848484848
560,60,5,-1.970177091,-2.414391762,-0.214783102,2.568861025,4.924242424
561,61,5,-1.95645188,-2.307711527,-0.380350102,2.592114324,5
562,62,5,-1.918054956,-2.147418792,-0.572586926,2.636907511,5.075757576
563,63,5,-1.863414034,-1.939174453,-0.791144238,2.696618015,5.151515152
564,64,5,-1.798392968,-1.689727847,-1.035193872,2.765512278,5.227272727
565,65,5,-1.725743668,-1.406561653,-1.303430975,2.839183845,5.303030303
566,66,5,-1.645127237,-1.09753489,-1.59408584,2.914731088,5.378787879
567,67,5,-1.553672336,-0.770541382,-1.904945145,2.990679537,5.454545455
568,68,5,-1.44695997,-0.433198926,-2.233382093,3.066690414,5.53030303
569,69,5,-1.320263541,-0.09258153,-2.576394765,3.143125599,5.606060606
570,70,5,-1.169839649,0.244996166,-2.930651848,3.220556118,5.681818182
571,71,5,-0.994062764,0.574136737,-3.292544761,3.299304289,5.757575758
572,72,5,-0.794225154,0.89045801,-3.65824511,3.379099061,5.833333333
573,73,5,-0.574877182,1.190632562,-4.023766321,3.458901878,5.909090909
574,74,5,-0.343653703,1.472372898,-4.385028243,3.53693052,5.984848485
575,75,5,-0.110608943,1.734368972,-4.737923513,3.610875402,6.060606061
576,76,5,0.112846467,1.97618652,-5.078384457,3.678271959,6.136363636
577,77,5,0.315256792,2.198135912,-5.402449333,3.7369684,6.212121212
578,78,5,0.486498515,2.401121699,-5.706326777,3.785613696,6.287878788
579,79,5,0.619035343,2.58648299,-5.986457342,3.824087882,6.363636364
580,80,5,0.70888306,2.755834116,-6.239571139,3.853805528,6.439393939
581,81,5,0.756159406,2.91091395,-6.462740636,3.877841786,6.515151515
582,82,5,0.765152393,3.053450843,-6.653427783,3.900855645,6.590909091
583,83,5,0.743905173,3.185048429,-6.809524732,3.92881293,6.666666667
584,84,5,0.70337718,3.30709584,-6.929387527,3.968538162,6.742424242
585,85,5,0.656291758,3.420704109,-7.011862239,4.02714588,6.818181818
586,86,5,0.615813496,3.526668887,-7.056303163,4.111415847,6.893939394
587,87,5,0.594211027,3.625458179,-7.06258276,4.227181283,6.96969697
588,88,5,0.601653014,3.717222561,-7.03109321,4.378794913,7.045454545
589,89,5,0.645259403,3.801824408,-6.962739491,4.568725577,7.121212121
590,90,5,0.728491831,3.878882035,-6.858924083,4.797320605,7.196969697
591,91,5,0.850922668,3.947824252,-6.721523474,5.062749027,7.272727273
592,92,5,1.008378078,4.007950771,-6.552856779,5.361120816,7.348484848
593,93,5,1.193412141,4.058494001,-6.355646931,5.686760229,7.424242424
594,94,5,1.39604069,4.098678149,-6.132974975,6.032598661,7.5
595,95,5,1.604646837,4.127772015,-5.888228169,6.390645234,7.575757576
596,96,5,1.806965327,4.145132516,-5.62504268,6.752491372,7.651515152
597,97,5,1.991057991,4.150236701,-5.347241774,7.109808271,7.727272727
598,98,5,2.146204951,4.142700787,-5.058770526,7.454802063,7.803030303
599,99,5,2.263652575,4.122285583,-4.763628132,7.780599133,7.878787879
600,0,6,0.389561514,0.405904572,2.388222533,2.539814098,0.454545455
601,1,6,0.432094865,0.293890912,2.305647671,2.514851514,0.53030303
602,2,6,0.47886183,0.173806415,2.215779447,2.482204494,0.606060606
603,3,6,0.523637198,0.048307502,2.12011487,2.441602566,0.681818182
604,4,6,0.558617125,-0.080483693,2.020182107,2.391798664,0.757575758
605,5,6,0.575410996,-0.211115235,1.917496743,2.330907328,0.833333333
606,6,6,0.566127889,-0.342877173,1.813519494,2.256821367,0.909090909
607,7,6,0.524426565,-0.475802328,1.709616856,2.167653179,0.984848485
608,8,6,0.446409548,-0.610594594,1.607026097,2.062149098,1.060606061
609,9,6,0.331265307,-0.748488854,1.506825769,1.940032475,1.136363636
610,10,6,0.181593713,-0.891051971,1.409912764,1.802242001,1.212121212
611,11,6,0.003384729,-1.039939118,1.316986656,1.651044566,1.287878788
612,12,6,-0.194345038,-1.196623578,1.228541789,1.490015124,1.363636364
613,13,6,-0.400221725,-1.362120742,1.144867311,1.323888526,1.439393939
614,14,6,-0.601426841,-1.536728229,1.066055001,1.15829926,1.515151515
615,15,6,-0.784770316,-1.719803688,0.992014487,0.999434032,1.590909091
616,16,6,-0.937827928,-1.9095999,0.922495147,0.8536289,1.666666667
617,17,6,-1.050041005,-2.103173441,0.857113738,0.726947029,1.742424242
618,18,6,-1.113677588,-2.296378563,0.795386581,0.624774965,1.818181818
619,19,6,-1.124562882,-2.483952372,0.736764968,0.551474343,1.893939394
620,20,6,-1.082502932,-2.659691273,0.680672318,0.510122047,1.96969697
621,21,6,-0.991348815,-2.816712318,0.626541559,0.502364788,2.045454545
622,22,6,-0.858678573,-2.947787059,0.573851193,0.528403992,2.121212121
623,23,6,-0.695109028,-3.045730112,0.522158575,0.587114272,2.196969697
624,24,6,-0.513287213,-3.103820266,0.471128996,0.676284387,2.272727273
625,25,6,-0.326647913,-3.116229009,0.420559384,0.79295493,2.348484848
626,26,6,-0.148055512,-3.078429856,0.370395564,0.933813728,2.424242424
627,27,6,0.011529328,-2.987562151,0.320742345,1.095599977,2.5
628,28,6,0.144208938,-2.842724919,0.271865882,1.275463419,2.575757576
629,29,6,0.245992556,-2.645179898,0.224188139,1.471226622,2.651515152
630,30,6,0.317209288,-2.398447787,0.178273512,1.681507487,2.727272727
631,31,6,0.362417046,-2.108287744,0.134807991,1.905675022,2.803030303
632,32,6,0.389790093,-1.78255688,0.094571542,2.143632873,2.878787879
633,33,6,0.410030762,-1.430953519,0.058404615,2.395449564,2.954545455
634,34,6,0.434913492,-1.064654879,0.027169924,2.660878801,3.03030303
635,35,6,0.475622968,-0.695866118,0.00171085,2.938833847,3.106060606
636,36,6,0.5410849,-0.337303077,-0.017192078,3.226893567,3.181818182
637,37,6,0.636501308,-0.001635095,-0.028865051,3.520921544,3.257575758
638,38,6,0.762288542,0.299083162,-0.032783617,3.81487221,3.333333333
639,39,6,0.91357548,0.553961122,-0.0286125,4.100839194,3.409090909
640,40,6,1.080355266,0.75377406,-0.016241127,4.369372893,3.484848485
641,41,6,1.248303917,0.891390887,0.004186517,4.610059755,3.560606061
642,42,6,1.40019319,0.962105696,0.032248889,4.812319468,3.636363636
643,43,6,1.517744869,0.963856096,0.067231725,4.966343087,3.712121212
644,44,6,1.583710414,0.897317616,0.108121455,5.06407013,3.787878788
645,45,6,1.583923053,0.765870202,0.15360764,5.100089677,3.863636364
646,46,6,1.509065205,0.575439711,0.202094646,5.072352221,3.939393939
647,47,6,1.355924063,0.334223964,0.251722417,4.982595823,4.015151515
648,48,6,1.127969345,0.052318822,0.300395995,4.836420562,4.090909091
649,49,6,0.835171851,-0.258735233,0.345823112,4.642985617,4.166666667
650,50,6,0.493078463,-0.586461867,0.38555897,4.414348604,4.242424242
651,51,6,0.121255355,-0.917986567,0.4170571,4.164510815,4.318181818
652,52,6,-0.258706874,-1.240576051,0.437725003,3.908268993,4.393939394
653,53,6,-0.625376174,-1.542153024,0.444983163,3.659998857,4.46969697
654,54,6,-0.959577594,-1.811762101,0.436325897,3.432504429,4.545454545
655,55,6,-1.24614925,-2.039966195,0.409382493,3.23605887,4.621212121
656,56,6,-1.475146906,-2.2191571,0.361977058,3.077737975,4.696969697
657,57,6,-1.642365574,-2.343769211,0.292185572,2.961110192,4.772727273
658,58,6,-1.749140796,-2.410390825,0.198388677,2.886301856,4.848484848
659,59,6,-1.801489928,-2.417773095,0.079318929,2.850409725,4.924242424
660,60,6,-1.808741209,-2.366741984,-0.065898685,2.848190961,5
661,61,6,-1.781863198,-2.260023312,-0.237713917,2.872929257,5.075757576
662,62,6,-1.731740691,-2.101994925,-0.436126909,2.91735884,5.151515152
663,63,6,-1.667641057,-1.898382889,-0.660672871,2.974527576,5.227272727
664,64,6,-1.596078283,-1.655920501,-0.910416142,3.038495956,5.303030303
665,65,6,-1.520216815,-1.381989515,-1.183953731,3.104797708,5.378787879
666,66,6,-1.439873615,-1.084262582,-1.479428256,3.170625571,5.454545455
667,67,6,-1.352087344,-0.770364449,-1.794549958,3.234746757,5.53030303
668,68,6,-1.252141226,-0.44756712,-2.126627308,3.297190828,5.606060606
669,69,6,-1.134862869,-0.122531235,-2.472605528,3.358782821,5.681818182
670,70,6,-0.995988608,0.198897545,-2.829112227,3.420612342,5.757575758
671,71,6,-0.833376363,0.511831968,-3.192509195,3.483533107,5.833333333
672,72,6,-0.647878934,0.812424936,-3.558949341,3.547776893,5.909090909
673,73,6,-0.44374426,1.09789144,-3.92443765,3.612743451,5.984848485
674,74,6,-0.228481457,1.366475589,-4.28489502,3.676997225,6.060606061
675,75,6,-0.012210531,1.617370129,-4.636223798,3.738467738,6.136363636
676,76,6,0.193412156,1.850597647,-4.97437383,3.794818366,6.212121212
677,77,6,0.376541813,2.066863831,-5.295407883,3.843922526,6.287878788
678,78,6,0.526580082,2.267393623,-5.59556531,3.884370594,6.363636364
679,79,6,0.635501983,2.453760888,-5.871322891,3.915927025,6.439393939
680,80,6,0.698899037,2.627721509,-6.11945185,3.939865111,6.515151515
681,81,6,0.716604835,2.79105853,-6.337070132,3.959124969,6.590909091
682,82,6,0.69282779,2.945446434,-6.521689088,3.978265549,6.666666667
683,83,6,0.635781521,3.0923398,-6.671253831,4.003209824,6.742424242
684,84,6,0.556866916,3.232889702,-6.784176625,4.040809593,6.818181818
685,85,6,0.469512846,3.367889296,-6.859362755,4.098278942,6.893939394
686,86,6,0.387818501,3.497748323,-6.896228457,4.182560426,6.96969697
687,87,6,0.325155779,3.622494645,-6.894710588,4.299694051,7.045454545
688,88,6,0.292884954,3.741799703,-6.855267846,4.454255977,7.121212121
689,89,6,0.299313397,3.855023754,-6.778873446,4.648922805,7.196969697
690,90,6,0.348990436,3.961276109,-6.66699933,4.884200385,7.272727273
691,91,6,0.442387577,4.05948524,-6.521592054,5.15833626,7.348484848
692,92,6,0.575968657,4.148473577,-6.345040686,5.467414699,7.424242424
693,93,6,0.742614717,4.227032012,-6.140137137,5.805615576,7.5
694,94,6,0.932337575,4.293989599,-5.9100295,6.165604644,7.575757576
695,95,6,1.133196422,4.348274525,-5.658169101,6.539014301,7.651515152
696,96,6,1.332323632,4.388963211,-5.388252073,6.916970544,7.727272727
697,97,6,1.516967862,4.415315233,-5.104156409,7.290623097,7.803030303
698,98,6,1.675472082,4.426792696,-4.809875534,7.651640383,7.878787879
699,99,6,1.798118437,4.423063595,-4.509449552,7.992637813,7.954545455
700,0,7,0.17993543,0.414566097,2.323595011,2.480869593,0.53030303
701,1,7,0.199835251,0.284902546,2.239707611,2.435189638,0.606060606
702,2,7,0.226461707,0.149349017,2.148227805,2.38392321,0.681818182
703,3,7,0.253776261,0.010893627,2.050696159,2.327095797,0.757575758
704,4,7,0.274141676,-0.128099487,1.94868944,2.263701756,0.833333333
705,5,7,0.279350921,-0.266032045,1.843776133,2.192055294,0.909090909
706,6,7,0.261745042,-0.402145521,1.737473485,2.110219537,0.984848485
707,7,7,0.215284429,-0.536520236,1.631207546,2.016457866,1.060606061
708,8,7,0.136450295,-0.669998382,1.526277612,1.909654086,1.136363636
709,9,7,0.024877719,-0.804035424,1.423826246,1.789655721,1.212121212
710,10,7,-0.116345627,-0.940489876,1.324815877,1.657506212,1.287878788
711,11,7,-0.280744281,-1.081366304,1.230012699,1.515545307,1.363636364
712,12,7,-0.458875863,-1.228530361,1.139978306,1.367371014,1.439393939
713,13,7,-0.639066951,-1.383417272,1.055069241,1.217669855,1.515151515
714,14,7,-0.808394759,-1.546756397,0.975444274,1.071933855,1.590909091
715,15,7,-0.953824096,-1.718334052,0.901078999,0.936092312,1.666666667
716,16,7,-1.063395441,-1.896814786,0.831787003,0.816093328,1.742424242
717,17,7,-1.127354395,-2.079637845,0.767246666,0.717474367,1.818181818
718,18,7,-1.139115387,-2.263000822,0.707032399,0.644962312,1.893939394
719,19,7,-1.095963487,-2.441936807,0.650648996,0.602141642,1.96969697
720,20,7,-0.999417213,-2.610485103,0.597567641,0.591224134,2.045454545
721,21,7,-0.855202037,-2.761949126,0.547262071,0.612945026,2.121212121
722,22,7,-0.672817633,-2.889228959,0.499243385,0.666599013,2.196969697
723,23,7,-0.464720018,-2.985210541,0.45309205,0.750215471,2.272727273
724,24,7,-0.245179693,-3.04318907,0.408485771,0.860856915,2.348484848
725,25,7,-0.028914908,-3.057301117,0.365222051,0.995009486,2.424242424
726,26,7,0.170369104,-3.022938545,0.32323447,1.149021035,2.5
727,27,7,0.341383257,-2.937117522,0.282601957,1.319533049,2.575757576
728,28,7,0.476442544,-2.79877794,0.2435506,1.503849204,2.651515152
729,29,7,0.572293008,-2.608992091,0.206447828,1.700186779,2.727272727
730,30,7,0.630462332,-2.371066438,0.171789069,1.907768272,2.803030303
731,31,7,0.657065905,-2.090526389,0.140177312,2.126728552,2.878787879
732,32,7,0.662060363,-1.774980771,0.112296232,2.35783627,2.954545455
733,33,7,0.658003074,-1.433869756,0.088877827,2.602054255,3.03030303
734,34,7,0.658440758,-1.078106955,0.070665686,2.859988952,3.106060606
735,35,7,0.676104642,-0.719632725,0.058375219,3.131299806,3.181818182
736,36,7,0.721125071,-0.370901132,0.052652281,3.414152562,3.257575758
737,37,7,0.799488983,-0.04432708,0.054031705,3.704802919,3.333333333
738,38,7,0.911945818,0.248277383,0.062897275,3.99738769,3.409090909
739,39,7,1.053521636,0.496247716,0.079444659,4.283979609,3.484848485
740,40,7,1.213731785,0.690563597,0.103648703,4.554931377,3.560606061
741,41,7,1.3774975,0.824271404,0.135236386,4.799497853,3.636363636
742,42,7,1.526681814,0.892810278,0.173666546,5.006687196,3.712121212
743,43,7,1.642077378,0.894224977,0.218117274,5.166257512,3.787878788
744,44,7,1.705614591,0.829254998,0.267481643,5.269750149,3.863636364
745,45,7,1.702522537,0.70129626,0.320372155,5.311438269,3.939393939
746,46,7,1.623173593,0.516238565,0.375134049,5.289072151,4.015151515
747,47,7,1.464376408,0.2821887,0.429867304,5.204321332,4.090909091
748,48,7,1.229947968,0.009094966,0.48245692,5.062846198,4.166666667
749,49,7,0.930485095,-0.291706112,0.530610814,4.873974314,4.242424242
750,50,7,0.582357535,-0.607996505,0.571904414,4.650004115,4.318181818
751,51,7,0.206044739,-0.927210224,0.60383087,4.40520435,4.393939394
752,52,7,-0.175977004,-1.236966457,0.623855591,4.154615749,4.46969697
753,53,7,-0.541533174,-1.525575915,0.629473755,3.912786366,4.545454545
754,54,7,-0.870949524,-1.782496372,0.618269289,3.692580588,4.621212121
755,55,7,-1.14888114,-1.998716905,0.587973841,3.504192386,4.696969697
756,56,7,-1.365555386,-2.167054966,0.536524233,3.354467374,4.772727273
757,57,7,-1.517293447,-2.282355624,0.462116951,3.246598961,4.848484848
758,58,7,-1.606273741,-2.341587998,0.363258302,3.180216811,4.924242424
759,59,7,-1.639602389,-2.343839492,0.238809019,3.151837236,5
760,60,7,-1.627846745,-2.290213828,0.088022202,3.155601701,5.075757576
761,61,7,-1.583255327,-2.183643564,-0.089426294,3.184197068,5.151515152
762,62,7,-1.517922038,-2.02863171,-0.293415753,3.229833738,5.227272727
763,63,7,-1.442150304,-1.830939904,-0.523367277,3.285157443,5.303030303
764,64,7,-1.363234619,-1.597242322,-0.778239557,3.343986706,5.378787879
765,65,7,-1.284809341,-1.334765116,-1.056533814,3.401798062,5.454545455
766,66,7,-1.206827752,-1.050930528,-1.356307804,3.45592045,5.53030303
767,67,7,-1.126141364,-0.753023296,-1.675198574,3.505442761,5.606060606
768,68,7,-1.037563664,-0.447894475,-2.010453476,3.550878411,5.681818182
769,69,7,-0.935236132,-0.141714644,-2.35896881,3.593662295,5.757575758
770,70,7,-0.814076343,0.160215063,-2.717335286,3.635574521,5.833333333
771,71,7,-0.671082853,0.453589473,-3.08188943,3.678189805,5.909090909
772,72,7,-0.50629913,0.735162541,-3.448769923,3.722441139,5.984848485
773,73,7,-0.323293811,1.002749757,-3.813977821,3.768363754,6.060606061
774,74,7,-0.129088345,1.255175459,-4.173439547,3.815054082,6.136363636
775,75,7,0.066455755,1.492173197,-4.523071522,3.860843504,6.212121212
776,76,7,0.251701028,1.714249115,-4.858845304,3.903653356,6.287878788
777,77,7,0.414598942,1.922519413,-5.176852109,3.941470666,6.363636364
778,78,7,0.544166526,2.11853333,-5.473365627,3.972867151,6.439393939
779,79,7,0.631874963,2.304092802,-5.744902093,3.997478964,6.515151515
780,80,7,0.672767339,2.48107903,-5.98827661,4.016371745,6.590909091
781,81,7,0.666163746,2.651294849,-6.200654826,4.03223307,6.666666667
782,82,7,0.615869994,2.816329995,-6.379599106,4.049359356,6.742424242
783,83,7,0.529872369,2.977454462,-6.52310845,4.073432699,6.818181818
784,84,7,0.419565685,3.135543004,-6.629651502,4.111110972,6.893939394
785,85,7,0.29861677,3.291031891,-6.698192078,4.169477813,6.96969697
786,86,7,0.181603881,3.443907067,-6.72820676,4.255415231,7.045454545
787,87,7,0.082590717,3.593721271,-6.719694223,4.374968665,7.121212121
788,88,7,0.013791122,3.739636297,-6.673176058,4.532772388,7.196969697
789,89,7,-0.015540492,3.88048555,-6.589689005,4.731593042,7.272727273
790,90,7,0.000107199,4.014851407,-6.470768617,4.972033101,7.348484848
791,91,7,0.062102087,4.141151576,-6.318424523,5.252416627,7.424242424
792,92,7,0.167664668,4.257728643,-6.135107597,5.568859755,7.5
793,93,7,0.310232983,4.362937328,-5.92366946,5.91551033,7.575757576
794,94,7,0.480136732,4.455224491,-5.687314918,6.284926833,7.651515152
795,95,7,0.665498941,4.533197704,-5.429548037,6.668557306,7.727272727
796,96,7,0.853272735,4.595679082,-5.154112718,7.057274517,7.803030303
797,97,7,1.030319866,4.641742065,-4.864928746,7.441923659,7.878787879
798,98,7,1.184444514,4.670729896,-4.566024411,7.813842444,7.954545455
799,99,7,1.305307969,4.68225559,-4.261466889,8.165319373,8.03030303
800,0,8,-0.017965928,0.439738098,2.255746108,2.433933844,0.606060606
801,1,8,-0.022156244,0.292486011,2.170737406,2.367053934,0.681818182
802,2,8,-0.018338841,0.141689003,2.077766416,2.296183364,0.757575758
803,3,8,-0.012238864,-0.00931614,1.978414133,2.221707337,0.833333333
804,4,8,-0.011151528,-0.157914045,1.874303301,2.142943284,0.909090909
805,5,8,-0.022890311,-0.302358976,1.767053399,2.058498236,0.984848485
806,6,8,-0.054654352,-0.441850969,1.658237196,1.966702915,1.060606061
807,7,8,-0.111953507,-0.576533119,1.549340365,1.86606539,1.136363636
808,8,8,-0.197716392,-0.707408948,1.441725513,1.755689801,1.212121212
809,9,8,-0.311681013,-0.836184718,1.336601824,1.635613782,1.287878788
810,10,8,-0.45013347,-0.965047181,1.23500127,1.507030218,1.363636364
811,11,8,-0.606022081,-1.096392274,1.13776209,1.372373135,1.439393939
812,12,8,-0.769436002,-1.232524221,1.045519961,1.23526221,1.515151515
813,13,8,-0.9284025,-1.375347234,0.958706987,1.100314378,1.590909091
814,14,8,-1.069927742,-1.526073104,0.877558329,0.972843216,1.666666667
815,15,8,-1.181184067,-1.684967575,0.802126013,0.858476662,1.742424242
816,16,8,-1.250733073,-1.851156289,0.73229919,0.76273065,1.818181818
817,17,8,-1.269668949,-2.022507528,0.667829876,0.690580216,1.893939394
818,18,8,-1.232570627,-2.195604151,0.608362999,0.646070309,1.96969697
819,19,8,-1.138164319,-2.365811304,0.553469426,0.632005755,2.045454545
820,20,8,-0.989619779,-2.527440094,0.502680556,0.649753579,2.121212121
821,21,8,-0.794433211,-2.674000888,0.455522984,0.69918115,2.196969697
822,22,8,-0.563886018,-2.798533581,0.411551789,0.778740869,2.272727273
823,23,8,-0.312109099,-2.893996665,0.370381028,0.885697097,2.348484848
824,24,8,-0.054824075,-2.953692391,0.331710166,1.01647491,2.424242424
825,25,8,0.192128375,-2.971702256,0.295345315,1.167094736,2.5
826,26,8,0.414331617,-2.943305552,0.261214363,1.333643911,2.575757576
827,27,8,0.600246973,-2.865353983,0.229375345,1.512727609,2.651515152
828,28,8,0.742414655,-2.73657733,0.200017624,1.701839339,2.727272727
829,29,8,0.838253349,-2.557798772,0.173455772,1.899596265,2.803030303
830,30,8,0.89034455,-2.332043493,0.150116301,2.105797494,2.878787879
831,31,8,0.906139154,-2.064530325,0.130517675,2.321283307,2.954545455
832,32,8,0.897087687,-1.762543019,0.11524431,2.547598303,3.03030303
833,33,8,0.877264759,-1.435184875,0.104915468,2.786488641,3.106060606
834,34,8,0.861624629,-1.093027427,0.10015019,3.039289531,3.181818182
835,35,8,0.864078955,-0.747670269,0.101529554,3.306279979,3.257575758
836,36,8,0.895621777,-0.411234518,0.109557641,3.586094097,3.333333333
837,37,8,0.962734327,-0.095816458,0.12462269,3.875279503,3.409090909
838,38,8,1.066280385,0.187069575,0.146959905,4.168082142,3.484848485
839,39,8,1.201052344,0.42702922,0.176617343,4.456513855,3.560606061
840,40,8,1.35605402,0.615278163,0.213426225,4.730726291,3.636363636
841,41,8,1.515516876,0.745058061,0.256976885,4.979676168,3.712121212
842,42,8,1.660553074,0.811956284,0.306601368,5.192027377,3.787878788
843,43,8,1.771263999,0.814112868,0.361363506,5.357200273,3.863636364
844,44,8,1.829058399,0.752304422,0.420057061,5.466453021,3.939393939
845,45,8,1.81889975,0.629901533,0.481212241,5.51386793,4.015151515
846,46,8,1.731203584,0.452703211,0.543110675,5.497119872,4.090909091
847,47,8,1.563143437,0.228658495,0.60380864,5.417924263,4.166666667
848,48,8,1.319194629,-0.032508697,0.661168088,5.282096708,4.242424242
849,49,8,1.010839607,-0.319750507,0.712894781,5.099201202,4.318181818
850,50,8,0.655464606,-0.621197313,0.756582635,4.881813008,4.393939394
851,51,8,0.274580819,-0.924684462,0.789763179,4.644469606,4.46969697
852,52,8,-0.10841017,-1.218276335,0.809958906,4.402422048,4.545454545
853,53,8,-0.470629085,-1.490761503,0.81473915,4.170324271,4.621212121
854,54,8,-0.792011271,-1.732095176,0.801777098,3.961005912,4.696969697
855,55,8,-1.057198963,-1.933768814,0.768906482,3.784463711,4.772727273
856,56,8,-1.256810017,-2.089091454,0.714176531,3.647178876,4.848484848
857,57,8,-1.387945078,-2.193372643,0.635903808,3.551826737,4.924242424
858,58,8,-1.453898074,-2.244002565,0.532719658,3.497395873,5
859,59,8,-1.46314079,-2.240430635,0.40361209,3.479683571,5.075757576
860,60,8,-1.427746424,-2.18404917,0.247961105,3.492089521,5.151515152
861,61,8,-1.361486563,-2.077993475,0.0655666,3.526596114,5.227272727
862,62,8,-1.27787161,-1.926873521,-0.14333178,3.57480578,5.303030303
863,63,8,-1.188402144,-1.736455166,-0.378043329,3.628905617,5.378787879
864,64,8,-1.101259112,-1.513310518,-0.637423744,3.682446448,5.454545455
865,65,8,-1.0205907,-1.264457446,-0.919881442,3.730854722,5.53030303
866,66,8,-0.946463776,-0.997007563,-1.223392599,3.771636403,5.606060606
867,67,8,-0.875451373,-0.717840217,-1.545524598,3.804276223,5.681818182
868,68,8,-0.801738438,-0.433317443,-1.883467416,3.829877108,5.757575758
869,69,8,-0.718558705,-0.149051504,-2.234072318,3.850617555,5.833333333
870,70,8,-0.619734995,0.130267051,-2.593897111,3.869124959,5.909090909
871,71,8,-0.50108857,0.400976762,-2.959257096,3.887868121,5.984848485
872,72,8,-0.361509899,0.660487903,-3.326280758,3.908662362,6.060606061
873,73,8,-0.203538417,0.907263744,-3.690969197,3.932357959,6.136363636
874,74,8,-0.033373657,1.140746911,-4.049258226,3.958750924,6.212121212
875,75,8,0.139676949,1.36123979,-4.397082047,3.986719424,6.287878788
876,76,8,0.304229233,1.569749712,-4.730437425,4.014554759,6.363636364
877,77,8,0.448183832,1.767810691,-5.045447265,4.04042766,6.439393939
878,78,8,0.560228398,1.957293728,-5.338422528,4.062912428,6.515151515
879,79,8,0.631277426,2.140217318,-5.605921471,4.081485154,6.590909091
880,80,8,0.655661386,2.318568714,-5.84480523,4.096918325,6.666666667
881,81,8,0.631916142,2.494144981,-6.052288828,4.111510728,6.742424242
882,82,8,0.56308071,2.668420947,-6.225986775,4.129116044,6.818181818
883,83,8,0.456477257,2.842449031,-6.363952478,4.15496173,6.893939394
884,84,8,0.323012636,3.016793715,-6.464710798,4.195277738,6.96969697
885,85,8,0.17609683,3.191501237,-6.527283157,4.256778478,7.045454545
886,86,8,0.030313957,3.366103124,-6.551204735,4.346058254,7.121212121
887,87,8,-0.099998023,3.539650402,-6.536533369,4.468968522,7.196969697
888,88,8,-0.202102786,3.71077394,-6.483849923,4.630044503,7.272727273
889,89,8,-0.266018645,3.877765337,-6.394250015,4.832039695,7.348484848
890,90,8,-0.285364054,4.038672117,-6.269327097,5.075611857,7.424242424
891,91,8,-0.2578315,4.191400711,-6.11114706,5.359185438,7.5
892,92,8,-0.185269066,4.333820831,-5.922214669,5.678996007,7.575757576
893,93,8,-0.073389094,4.463865209,-5.705432259,6.02930438,7.651515152
894,94,8,0.068843692,4.579619377,-5.464051304,6.40275367,7.727272727
895,95,8,0.23006899,4.679397032,-5.201617597,6.790832517,7.803030303
896,96,8,0.397544241,4.761797591,-4.92191093,7.184402428,7.878787879
897,97,8,0.558222692,4.825743651,-4.628880278,7.574246252,7.954545455
898,98,8,0.699808773,4.870497278,-4.326575631,7.951597286,8.03030303
899,99,8,0.811713082,4.895655223,-4.019077706,8.308613431,8.106060606
900,0,9,-0.205280218,0.481132036,2.186329173,2.399509131,0.681818182
901,1,9,-0.23567542,0.316584815,2.100368947,2.310764276,0.757575758
902,2,9,-0.257856054,0.151016971,2.006010813,2.219195851,0.833333333
903,3,9,-0.277090889,-0.011877245,1.904873135,2.125615373,0.909090909
904,4,9,-0.300151304,-0.169229958,1.798621993,2.029743484,0.984848485
905,5,9,-0.334252871,-0.319154347,1.688925834,1.930566507,1.060606061
906,6,9,-0.385925797,-0.460822909,1.577411732,1.826767803,1.136363636
907,7,9,-0.459953943,-0.594462578,1.465624729,1.717176176,1.212121212
908,8,9,-0.558508053,-0.72126591,1.35499161,1.60117654,1.287878788
909,9,9,-0.680572148,-0.843223567,1.246790273,1.479036534,1.363636364
910,10,9,-0.821726921,-0.962889156,1.142125625,1.352115152,1.439393939
911,11,9,-0.974314736,-1.083092571,1.041912679,1.222934006,1.515151515
912,12,9,-1.127971727,-1.206622032,0.946867245,1.095106944,1.590909091
913,13,9,-1.270476715,-1.335897744,0.85750431,0.97313799,1.666666667
914,14,9,-1.388836979,-1.472661243,0.774143912,0.862110091,1.742424242
915,15,9,-1.470508873,-1.617703988,0.696924039,0.767297006,1.818181818
916,16,9,-1.504638001,-1.770656646,0.625819791,0.693737655,1.893939394
917,17,9,-1.483199691,-1.929856813,0.560667866,0.645815844,1.96969697
918,18,9,-1.401925956,-2.092307987,0.50119518,0.626888427,2.045454545
919,19,9,-1.26092004,-2.253736679,0.44705034,0.639001445,2.121212121
920,20,9,-1.064883469,-2.408748008,0.397836558,0.682726641,2.196969697
921,21,9,-0.822912432,-2.551073477,0.353144575,0.75714008,2.272727273
922,22,9,-0.547858678,-2.673898248,0.312584181,0.859951007,2.348484848
923,23,9,-0.25529235,-2.770249542,0.275812977,0.987773277,2.424242424
924,24,9,0.037853027,-2.833423266,0.242561158,1.13651519,2.5
925,25,9,0.314834193,-2.8574228,0.212651255,1.301847928,2.575757576
926,26,9,0.560700637,-2.837382377,0.186011993,1.479700109,2.651515152
927,27,9,0.763778691,-2.769947763,0.162685639,1.666718188,2.727272727
928,28,9,0.916869371,-2.653588904,0.142828511,1.860631259,2.803030303
929,29,9,1.018010785,-2.488822904,0.12670453,2.060465328,2.878787879
930,30,9,1.070693841,-2.278330721,0.114672052,2.266566553,2.954545455
931,31,9,1.083474921,-2.026957166,0.107164392,2.480414251,3.03030303
932,32,9,1.06899587,-1.741590673,0.104664781,2.704230772,3.106060606
933,33,9,1.042493027,-1.430926476,0.107676658,2.940423423,3.181818182
934,34,9,1.019944121,-1.105123843,0.116690407,3.190919956,3.257575758
935,35,9,1.016055633,-0.775374449,0.132147808,3.456479761,3.333333333
936,36,9,1.042325427,-0.453404335,0.154405535,3.73607443,3.409090909
937,37,9,1.105420028,-0.15093601,0.183699114,4.026431182,3.484848485
938,38,9,1.206080222,0.120860301,0.220108738,4.321819827,3.560606061
939,39,9,1.338713902,0.351896459,0.263528294,4.614138966,3.636363636
940,40,9,1.491756708,0.533648533,0.313638857,4.893322595,3.712121212
941,41,9,1.648788038,0.659565169,0.369887763,5.148048082,3.787878788
942,42,9,1.790294154,0.72538038,0.431474214,5.366685789,3.863636364
943,43,9,1.895883984,0.72931438,0.497342131,5.538394963,3.939393939
944,44,9,1.946698989,0.67215247,0.566180774,5.654245104,4.015151515
945,45,9,1.927725554,0.557198811,0.636433377,5.708230882,4.090909091
946,46,9,1.829722526,0.390108888,0.706313812,5.698054181,4.166666667
947,47,9,1.650518347,0.178611074,0.773831028,5.625568968,4.242424242
948,48,9,1.395507219,-0.067866398,0.836820789,5.496821316,4.318181818
949,49,9,1.077272644,-0.338641939,0.892984011,5.321663587,4.393939394
950,50,9,0.714376598,-0.622275913,0.939930784,5.112972773,4.46969697
951,51,9,0.329458904,-0.907088099,0.975229014,4.885551482,4.545454545
952,52,9,-0.053120438,-1.181670162,0.996456488,4.654829676,4.621212121
953,53,9,-0.4098052,-1.435367126,1.001255056,4.435510526,4.696969697
954,54,9,-0.720222713,-1.658704371,0.987385576,4.24031112,4.772727273
955,55,9,-0.969130492,-1.843740449,0.952782255,4.078937076,4.848484848
956,56,9,-1.147700287,-1.984330799,0.895605028,3.957400901,4.924242424
957,57,9,-1.253999683,-2.076292861,0.814288689,3.877750911,5
958,58,9,-1.29263841,-2.117468796,0.707587574,3.838226652,5.075757576
959,59,9,-1.273656153,-2.107687787,0.574614701,3.83380461,5.151515152
960,60,9,-1.210825915,-2.048635178,0.414874452,3.857051755,5.227272727
961,61,9,-1.119618559,-1.943640425,0.228288,3.89916995,5.303030303
962,62,9,-1.01511071,-1.797399586,0.015210906,3.951096005,5.378787879
963,63,9,-0.91011531,-1.615650774,-0.223557549,4.004522082,5.454545455
964,64,9,-0.813773243,-1.404822508,-0.486773498,4.052718754,5.53030303
965,65,9,-0.730772024,-1.171675158,-0.772756145,4.091075397,5.606060606
966,66,9,-0.661264736,-0.922954861,-1.079403797,4.11731466,5.681818182
967,67,9,-0.601462639,-0.665077321,-1.404217964,4.131383592,5.757575758
968,68,9,-0.544782393,-0.403856143,-1.744335066,4.135066967,5.833333333
969,69,9,-0.48335635,-0.144286923,-2.096565149,4.131402741,5.909090909
970,70,9,-0.409671355,0.109605569,-2.45743688,4.124001046,5.984848485
971,71,9,-0.318092858,0.354853773,-2.823248006,4.116374216,6.060606061
972,72,9,-0.206056853,0.589567852,-3.190120375,4.111376072,6.136363636
973,73,9,-0.074767123,0.812894572,-3.554058534,4.110826142,6.212121212
974,74,9,0.070689386,1.024921832,-3.911010902,4.115362519,6.287878788
975,75,9,0.221811986,1.226538643,-4.25693248,4.124530759,6.363636364
976,76,9,0.367662413,1.419262071,-4.587848022,4.137080973,6.439393939
977,77,9,0.496203058,1.605043572,-4.899914642,4.151415968,6.515151515
978,78,9,0.595808862,1.786067346,-5.189482803,4.166113808,6.590909091
979,79,9,0.656748343,1.964552733,-5.453154691,4.180440641,6.666666667
980,80,9,0.672441417,2.142571475,-5.687839011,4.194774379,6.742424242
981,81,9,0.64033874,2.321888981,-5.890801294,4.210875438,6.818181818
982,82,9,0.5623226,2.503836606,-6.059708854,4.231964272,6.893939394
983,83,9,0.444594257,2.689219662,-6.192669642,4.262593139,6.96969697
984,84,9,0.297077713,2.878263541,-6.288264278,4.308327293,7.045454545
985,85,9,0.132426527,3.070597959,-6.345570674,4.375274778,7.121212121
986,86,9,-0.035238114,3.265277293,-6.364180742,4.469521404,7.196969697
987,87,9,-0.191707345,3.460833114,-6.344208811,4.596536435,7.272727273
988,88,9,-0.324029405,3.655353595,-6.286291466,4.760614789,7.348484848
989,89,9,-0.42168178,3.846583414,-6.191578699,4.96441382,7.424242424
990,90,9,-0.477463011,4.032037149,-6.061716362,5.208629004,7.5
991,91,9,-0.488034982,4.20911896,-5.89882008,5.491835419,7.575757576
992,92,9,-0.45408783,4.375241542,-5.705440924,5.810503421,7.651515152
993,93,9,-0.380138599,4.527937823,-5.484523315,6.159179634,7.727272727
994,94,9,-0.274007284,4.664959744,-5.239355761,6.530810214,7.803030303
995,95,9,-0.146037671,4.784359439,-4.973515204,6.917173107,7.878787879
996,96,9,-0.008144567,4.884549349,-4.690805895,7.309380298,7.954545455
997,97,9,0.127225626,4.964339109,-4.395193841,7.698409204,8.03030303
998,98,9,0.248135938,5.022948325,-4.090738015,8.075623883,8.106060606
999,99,9,0.34412348,5.0599957,-3.781519585,8.433250525,8.181818182
1000,0,10,-0.386279335,0.537804287,2.116967455,2.37631597,0.757575758
1001,1,10,-0.445558615,0.356503097,2.030209747,2.264913331,0.833333333
1002,2,10,-0.497257002,0.176894486,1.9345593,2.151539917,0.909090909
1003,3,10,-0.5460368,0.003030453,1.831668748,2.037498644,0.984848485
1004,4,10,-0.597969573,-0.161975388,1.723244726,1.922986395,1.060606061
1005,5,10,-0.659488286,-0.316108768,1.611002376,1.80744231,1.136363636
1006,6,10,-0.736278519,-0.458534785,1.496621498,1.689968813,1.212121212
1007,7,10,-0.832247866,-0.589590326,1.381705789,1.569767839,1.287878788
1008,8,10,-0.948697754,-0.710688357,1.267746505,1.446537936,1.363636364
1009,9,10,-1.083794484,-0.824139746,1.156091673,1.320786643,1.439393939
1010,10,10,-1.232400595,-0.932904246,1.047921753,1.194025092,1.515151515
1011,11,10,-1.38628797,-1.040287458,0.944232394,1.068826485,1.590909091
1012,12,10,-1.534714707,-1.149604715,0.845824643,0.948745291,1.666666667
1013,13,10,-1.665311895,-1.263835584,0.753302675,0.838108293,1.742424242
1014,14,10,-1.765196864,-1.385293826,0.667078834,0.741701072,1.818181818
1015,15,10,-1.822207797,-1.515337084,0.587385492,0.664383255,1.893939394
1016,16,10,-1.82614194,-1.654138415,0.514292973,0.610672592,1.96969697
1017,17,10,-1.769876572,-1.800537947,0.44773259,0.584341182,2.045454545
1018,18,10,-1.650258579,-1.951987928,0.38752365,0.588066829,2.121212121
1019,19,10,-1.468664752,-2.104598358,0.333403136,0.623178476,2.196969697
1020,20,10,-1.231160328,-2.253283741,0.285056729,0.689526849,2.272727273
1021,21,10,-0.948216746,-2.392004721,0.24214976,0.785500222,2.348484848
1022,22,10,-0.633989286,-2.514091874,0.204356747,0.908191007,2.424242424
1023,23,10,-0.305198529,-2.612633144,0.171388215,1.05370273,2.5
1024,24,10,0.020297142,-2.680901804,0.143013652,1.217570264,2.575757576
1025,25,10,0.325111998,-2.712798632,0.119079605,1.395250648,2.651515152
1026,26,10,0.593970694,-2.703280417,0.099522124,1.582629602,2.727272727
1027,27,10,0.815201802,-2.648747203,0.084373019,1.776481773,2.803030303
1028,28,10,0.981917335,-2.547362665,0.073759616,1.974822591,2.878787879
1029,29,10,1.092729794,-2.399285676,0.067897985,2.177097314,2.954545455
1030,30,10,1.151899047,-2.206796248,0.067079867,2.384168488,3.03030303
1031,31,10,1.168858894,-1.974305229,0.071653773,2.598085554,3.106060606
1032,32,10,1.157142053,-1.708244046,0.082000973,2.821647486,3.181818182
1033,33,10,1.132794987,-1.416838047,0.098507279,3.057798083,3.257575758
1034,34,10,1.112441403,-1.109773984,0.121531725,3.308919915,3.333333333
1035,35,10,1.111206274,-0.797778639,0.151373341,3.576113222,3.409090909
1036,36,10,1.140742464,-0.492130984,0.188237328,3.858556673,3.484848485
1037,37,10,1.207603853,-0.20413436,0.23220197,4.153045516,3.560606061
1038,38,10,1.312179647,0.055422423,0.283187608,4.453788204,3.636363636
1039,39,10,1.448346093,0.276785383,0.340928943,4.752516041,3.712121212
1040,40,10,1.603909945,0.451708486,0.40495183,5.038924233,3.787878788
1041,41,10,1.761822105,0.573853702,0.474555602,5.301421263,3.863636364
1042,42,10,1.902042061,0.639096421,0.548801757,5.528121979,3.939393939
1043,43,10,2.003846937,0.645720106,0.626509664,5.707983809,4.015151515
1044,44,10,2.048315304,0.594490457,0.70625971,5.831960407,4.090909091
1045,45,10,2.020684975,0.488606221,0.786404078,5.894036765,4.166666667
1046,46,10,1.912291126,0.333530728,0.865085098,5.892016675,4.242424242
1047,47,10,1.721836691,0.136714782,0.940260891,5.827957218,4.318181818
1048,48,10,1.455826067,-0.092772588,1.009737792,5.708183405,4.393939394
1049,49,10,1.128095992,-0.344684285,1.071208836,5.542864508,4.46969697
1050,50,10,0.758490777,-0.608081517,1.122297411,5.345186079,4.545454545
1051,51,10,0.370837763,-0.8718398,1.160605026,5.130201169,4.621212121
1052,52,10,-0.009531731,-1.125147639,1.183762029,4.913484392,4.696969697
1053,53,10,-0.358412826,-1.357972183,1.189480036,4.709737586,4.772727273
1054,54,10,-0.655187509,-1.561468752,1.175604756,4.531502524,4.848484848
1055,55,10,-0.884817655,-1.728315084,1.140167938,4.388123262,4.924242424
1056,56,10,-1.039136229,-1.852955935,1.081437141,4.285069923,5
1057,57,10,-1.117295581,-1.931749193,0.997962135,4.223690987,5.075757576
1058,58,10,-1.125342637,-1.96301043,0.888616807,4.201408502,5.151515152
1059,59,10,-1.075003953,-1.94695853,0.752635561,4.212316948,5.227272727
1060,60,10,-0.981863669,-1.885570358,0.589643368,4.248098927,5.303030303
1061,61,10,-0.863190921,-1.782357039,0.399678737,4.299135553,5.378787879
1062,62,10,-0.73571066,-1.64207814,0.183209086,4.355670793,5.454545455
1063,63,10,-0.613608762,-1.470412573,-0.05886186,4.408889094,5.53030303
1064,64,10,-0.507020178,-1.273606449,-0.325194838,4.451783832,5.606060606
1065,65,10,-0.421174443,-1.058118232,-0.614023995,4.47972749,5.681818182
1066,66,10,-0.356277356,-0.83028049,-0.923173868,4.490697824,5.757575758
1067,67,10,-0.308104869,-0.595995502,-1.250084096,4.485161525,5.833333333
1068,68,10,-0.269189599,-0.360478971,-1.591841407,4.465661343,5.909090909
1069,69,10,-0.230404929,-0.128062552,-1.94521832,4.436188455,5.984848485
1070,70,10,-0.182705986,0.097938108,-2.306717857,4.401444532,6.060606061
1071,71,10,-0.118776102,0.31528725,-2.672623496,4.36610509,6.136363636
1072,72,10,-0.034351591,0.5228262,-3.039053489,4.334187087,6.212121212
1073,73,10,0.070948039,0.720408982,-3.402018636,4.308601518,6.287878788
1074,74,10,0.193381903,0.908784519,-3.757482526,4.290939787,6.363636364
1075,75,10,0.32545402,1.089436064,-4.101423264,4.281505906,6.439393939
1076,76,10,0.456813963,1.264390128,-4.429895654,4.279570668,6.515151515
1077,77,10,0.575553073,1.43600803,-4.739092817,4.283793573,6.590909091
1078,78,10,0.669711116,1.606773186,-5.025406252,4.292737663,6.666666667
1079,79,10,0.728789279,1.779086571,-5.285483323,4.305393463,6.742424242
1080,80,10,0.745074656,1.95508136,-5.51628125,4.321631617,6.818181818
1081,81,10,0.714615611,2.136465914,-5.715116672,4.342518031,6.893939394
1082,82,10,0.637740307,2.324401961,-5.879709933,4.370447727,6.96969697
1083,83,10,0.519073698,2.519422381,-6.008223313,4.409080383,7.045454545
1084,84,10,0.367072287,2.721390457,-6.09929248,4.463087706,7.121212121
1085,85,10,0.193152442,2.929500044,-6.152050559,4.537746682,7.196969697
1086,86,10,0.010530425,3.142313868,-6.166144284,4.638430373,7.272727273
1087,87,10,-0.167083534,3.357835304,-6.141741839,4.770057658,7.348484848
1088,88,10,-0.326789829,3.573607493,-6.079532107,4.936564626,7.424242424
1089,89,10,-0.457668128,3.786832607,-5.98071517,5.140453978,7.5
1090,90,10,-0.551701979,3.994503497,-5.846984073,5.382466534,7.575757576
1091,91,10,-0.604386468,4.19353983,-5.680498002,5.661403009,7.651515152
1092,92,10,-0.614984496,4.380921086,-5.483847174,5.974107077,7.727272727
1093,93,10,-0.586433946,4.553809461,-5.260009937,6.315604539,7.803030303
1094,94,10,-0.524939237,4.709656664,-5.012302703,6.679379878,7.878787879
1095,95,10,-0.439304185,4.846289769,-4.744323515,7.057761547,7.954545455
1096,96,10,-0.340077992,4.961972664,-4.459890203,7.442381281,8.03030303
1097,97,10,-0.238593233,5.055441051,-4.162974211,7.824670276,8.106060606
1098,98,10,-0.145975233,5.125910414,-3.85763133,8.196355562,8.181818182
1099,99,10,-0.072198006,5.173057813,-3.547930627,8.549922478,8.257575758
